mode,version,params,train_trades,train_pf,train_expectancy_pct,train_tstat,eligible,score
taker,A_4h_conservative,"{""n"": 30, ""stop_atr"": 1.5}",140,1.479144672941784,0.004481745192097647,1.6501165043176804,True,1.5216586073148644
taker,A_4h_conservative,"{""n"": 30, ""stop_atr"": 2.0}",138,1.4488584725681108,0.003249549762114181,1.5273689223936922,True,1.4559006421232261
taker,A_4h_conservative,"{""n"": 20, ""stop_atr"": 1.5}",163,1.3521778197227812,0.00358496708716229,1.3874903952332207,True,1.4092744664030687
taker,A_4h_conservative,"{""n"": 20, ""stop_atr"": 2.0}",162,1.307228477096157,0.002432393548377691,1.1902164996583051,True,1.3683586057617394
maker,A_4h_conservative,"{""n"": 30, ""stop_atr"": 1.5}",139,1.7020891187661555,0.005682188522129659,2.0755066339389874,True,1.946110965997825
maker,A_4h_conservative,"{""n"": 30, ""stop_atr"": 2.0}",137,1.657779144918967,0.004169241836851443,1.9454449184584117,True,1.8756416029287344
maker,A_4h_conservative,"{""n"": 20, ""stop_atr"": 1.5}",162,1.5466618440659152,0.004705895152542496,1.8173813455960761,True,1.8329537453079563
maker,A_4h_conservative,"{""n"": 20, ""stop_atr"": 2.0}",161,1.4858783416546986,0.00328631920594412,1.6059732563888045,True,1.789599840147764
taker,B_1h_main,{},445,0.3632280269087888,-0.011090266641780018,-13.422146418864093,False,-inf
maker,B_1h_main,{},417,0.4733929456642019,-0.008910855680599678,-10.478348074727432,False,-inf
taker,C_15m_faster,"{""n"": 20, ""stop_atr"": 1.5}",538,0.016546515793734493,-0.016919899718868675,-36.06572387481723,False,-inf
taker,C_15m_faster,"{""n"": 20, ""stop_atr"": 2.0}",580,0.04167106717639107,-0.01567448311022151,-28.395543176612122,False,-inf
taker,C_15m_faster,"{""n"": 40, ""stop_atr"": 1.5}",537,0.019649323363209473,-0.016948755826419293,-35.320211164741735,False,-inf
taker,C_15m_faster,"{""n"": 40, ""stop_atr"": 2.0}",571,0.04661213228826228,-0.015926659788281047,-28.768985394389635,False,-inf
maker,C_15m_faster,"{""n"": 20, ""stop_atr"": 1.5}",629,0.06461384837245766,-0.014492966003663135,-32.83790921614639,False,-inf
maker,C_15m_faster,"{""n"": 20, ""stop_atr"": 2.0}",680,0.12587638423160563,-0.013379426042651755,-25.921057231496924,False,-inf
maker,C_15m_faster,"{""n"": 40, ""stop_atr"": 1.5}",628,0.07325062008550635,-0.014517543056761097,-33.33481913330611,False,-inf
maker,C_15m_faster,"{""n"": 40, ""stop_atr"": 2.0}",677,0.12188931574328767,-0.013420195800081974,-26.02336677424252,False,-inf
