family,name,tf,params,status,train_trades,train_skipped_min_order,train_winning,train_losing,train_win_rate,train_avg_win,train_avg_loss,train_avg_win_pct,train_avg_loss_pct,train_reward_risk,train_profit_factor,train_expectancy_usd,train_expectancy_pct,train_median_trade_pct,train_expectancy_r,train_gross_profit,train_fees,train_slippage,train_net_profit,train_net_return,train_cagr,train_max_drawdown,train_avg_drawdown,train_sharpe,train_sortino,train_longest_win_streak,train_longest_loss_streak,train_avg_duration_h,train_median_duration_h,train_exposure,train_trades_per_year,train_years,train_tstat,val_trades,val_skipped_min_order,val_winning,val_losing,val_win_rate,val_avg_win,val_avg_loss,val_avg_win_pct,val_avg_loss_pct,val_reward_risk,val_profit_factor,val_expectancy_usd,val_expectancy_pct,val_median_trade_pct,val_expectancy_r,val_gross_profit,val_fees,val_slippage,val_net_profit,val_net_return,val_cagr,val_max_drawdown,val_avg_drawdown,val_sharpe,val_sortino,val_longest_win_streak,val_longest_loss_streak,val_avg_duration_h,val_median_duration_h,val_exposure,val_trades_per_year,val_years,val_tstat,oos_trades,oos_skipped_min_order,oos_winning,oos_losing,oos_win_rate,oos_avg_win,oos_avg_loss,oos_avg_win_pct,oos_avg_loss_pct,oos_reward_risk,oos_profit_factor,oos_expectancy_usd,oos_expectancy_pct,oos_median_trade_pct,oos_expectancy_r,oos_gross_profit,oos_fees,oos_slippage,oos_net_profit,oos_net_return,oos_cagr,oos_max_drawdown,oos_avg_drawdown,oos_sharpe,oos_sortino,oos_longest_win_streak,oos_longest_loss_streak,oos_avg_duration_h,oos_median_duration_h,oos_exposure,oos_trades_per_year,oos_years,oos_tstat,oos_gross_pf,full_trades,full_skipped_min_order,full_winning,full_losing,full_win_rate,full_avg_win,full_avg_loss,full_avg_win_pct,full_avg_loss_pct,full_reward_risk,full_profit_factor,full_expectancy_usd,full_expectancy_pct,full_median_trade_pct,full_expectancy_r,full_gross_profit,full_fees,full_slippage,full_net_profit,full_net_return,full_cagr,full_max_drawdown,full_avg_drawdown,full_sharpe,full_sortino,full_longest_win_streak,full_longest_loss_streak,full_avg_duration_h,full_median_duration_h,full_exposure,full_trades_per_year,full_years,full_tstat,full_gross_pf,best_year,best_year_share_of_net,pf_without_best_year,neighbour_median_net_pf,neighbour_net_pfs,val_pass,wf_profit_factor,wf_trades,wf_expectancy_pct,accepted,rejection_reasons
htf_breakout,"HTF breakout + EMA filter, chandelier trail",2h,,no eligible params on train,,,,,,,,,,,,,,,,,,,,,,,,,,,,,,,,,,,,,,,,,,,,,,,,,,,,,,,,,,,,,,,,,,,,,,,,,,,,,,,,,,,,,,,,,,,,,,,,,,,,,,,,,,,,,,,,,,,,,,,,,,,,,,,,,,,,,,,,,,,,,,,,False,no parameter set profitable after costs on TRAIN (>= 60 trades and PF > 1)
ema_pullback_cont,EMA pullback + breakout continuation,2h,,no eligible params on train,,,,,,,,,,,,,,,,,,,,,,,,,,,,,,,,,,,,,,,,,,,,,,,,,,,,,,,,,,,,,,,,,,,,,,,,,,,,,,,,,,,,,,,,,,,,,,,,,,,,,,,,,,,,,,,,,,,,,,,,,,,,,,,,,,,,,,,,,,,,,,,,False,no parameter set profitable after costs on TRAIN (>= 60 trades and PF > 1)
donchian_ema,Donchian breakout + EMA50>EMA200,2h,"{""n"": 30, ""stop_atr"": 2.5}",validation fail,175.0,0.0,55.0,120.0,0.3142857142857143,759.1447689402786,-270.7936919764933,0.04550341586728111,-0.014056651119180832,2.8034063991644884,1.2848945996170573,52.901252883063655,0.004662227076564351,-0.011592566343328876,0.4830178845322433,33189.124684192306,22994.911698947275,936.4937307088966,9257.71925453614,0.9345052590346408,0.10160923820757839,0.2747293803837153,0.03122648139329281,0.6307716582603029,0.5537643008894805,5.0,11.0,82.42285714285714,52.0,0.24140585774058576,25.665027102991367,6.818617385352498,1.3637879703210516,53.0,0.0,9.0,44.0,0.16981132075471697,308.83028756705636,-132.33091911066276,0.03877682705121424,-0.01576835670863735,2.333772708922203,0.47736259955226884,-57.416751938974606,-0.006505967013568212,-0.016055175221094353,-0.6505967013568211,601.9533762361843,3494.167234016098,150.8739949857399,-3043.087852765654,-0.30430878527656513,-0.2199355219343696,0.31503506439062035,0.31503506439062035,-1.5501865445736243,-1.5266122338015164,3.0,21.0,64.0754716981132,46.0,0.2651467832604622,36.279712634702484,1.460871549167237,-1.825341971254773,47.0,0.0,6.0,41.0,0.1276595744680851,171.5047965215937,-128.8213399235353,0.020876150889749256,-0.016360538602264534,1.3313383995492833,0.19483000969013906,-90.48183314330603,-0.011606918667113835,-0.01649433944578123,-1.1683276335471777,-282.85791527253184,3810.6027844986897,159.18545796416277,-4252.646157735384,-0.4252646157735378,-0.31549597037061894,0.4543610117512511,0.06221603661159361,-2.9925675424833154,-2.4245818948819258,1.0,12.0,50.255319148936174,32.0,0.18450242149664114,32.167551530293565,1.4610997033994981,-5.346230224738651,0.8060412791087204,275.0,0.0,70.0,205.0,0.2545454545454545,689.6864238826746,-247.02029517505724,0.042406889801520284,-0.014884819083778485,2.7920233169258855,0.9533738155356681,-8.585857596725479,-0.0003014750038842521,-0.01360739670685179,-0.020764682526664833,33809.00079693366,34733.836903139745,1436.2747328934165,-2361.110839099507,-0.23611108390994995,-0.027270539232963076,0.6920941676720684,0.037550190291601185,-0.08152194873094602,-0.07306180653211258,5.0,21.0,73.40363636363637,48.0,0.23648078725398314,28.23105750087832,9.741044946383756,-0.128867858459744,1.7314396545787611,2017.0,,0.7791520237313808,0.895548530187532,"[0.83, 0.96]",False,,,,False,parameter neighbourhood median PF < 1.2; edge depends on a single calendar year; validation gate; OOS PF < 1.5; OOS expectancy <= 0; walk-forward PF < 1.5; walk-forward expectancy <= 0; max DD > 25%
htf_breakout,"HTF breakout + EMA filter, chandelier trail",4h,"{""ema_slow"": 100, ""n"": 30, ""stop_atr"": 2.5}",validation fail,149.0,0.0,55.0,94.0,0.3691275167785235,492.62337642582503,-166.49955324537785,0.032687195935080286,-0.010214575007083525,2.9587068963471865,1.731158290415907,76.8008570359386,0.005621649166198421,-0.005277284668236957,0.562164916619842,23339.322130449546,11270.043705469427,625.9507266252648,11443.327698354853,1.155765237422595,0.11925324872296428,0.16302016451833556,0.01834545505421252,1.0314437740104632,1.234959249746239,4.0,8.0,122.04026845637584,96.0,0.30430417029252294,21.853399812608757,6.818161076887976,2.1048768362845562,38.0,0.0,12.0,26.0,0.3157894736842105,225.21711409045676,-111.10743223133407,0.022825094895550586,-0.010938155202350912,2.0270211413178707,0.9355482190697865,-4.899680761294872,-0.0002760762240662263,-0.0072013830447391625,-0.027607622406622605,1911.860743158141,1987.9574407833402,110.09117130400595,-186.18786892920514,-0.017034611496879903,-0.011693965456303967,0.11256854027819474,0.027273445286380826,-0.06368211460888137,-0.07311318709556466,2.0,5.0,117.36842105263158,82.0,0.34821986258588383,26.015932521087162,1.460643394934976,-0.07920427634874261,37.0,0.0,7.0,30.0,0.1891891891891892,231.96287935983585,-114.25583731712982,0.027803036254615724,-0.012793401859665675,2.0302059378900443,0.4737147188410103,-48.75499902689307,-0.005112994648855682,-0.011662004693686686,-0.5112994648855682,538.9800241873919,2219.44668161777,123.46830656466547,-1803.9349639950435,-0.1803934963995043,-0.1272895998975897,0.2954948406633885,0.04106299944911891,-1.2048783507052052,-1.246281606815074,2.0,22.0,95.56756756756756,64.0,0.27607745159275454,25.323391630231104,1.4610997033994981,-1.3389800504471607,1.3146228621631406,222.0,0.0,73.0,149.0,0.32882882882882886,497.2711488297,-193.9153396845692,0.030953974694009078,-0.010822678512866443,2.5643724196269466,1.2563703800856851,33.36670383588869,0.0029146894335385703,-0.006991997901242857,0.2914689433538571,28561.99134695011,20034.14886342435,1120.434231958472,7407.40825156729,0.7407408251567271,0.05855628662796852,0.3489553605860536,0.02166667502193591,0.5613350411744698,0.6507928685119467,4.0,22.0,119.38738738738739,92.0,0.3104530759499602,22.790696585000234,9.740816792151495,1.452957277584544,2.5010282280560583,2023.0,0.6309474399672758,1.1084823942139526,1.195177432372529,"[1.2, 1.32, 1.09]",False,,,,False,parameter neighbourhood median PF < 1.2; validation gate; OOS PF < 1.5; OOS expectancy <= 0; walk-forward PF < 1.5; walk-forward expectancy <= 0; max DD > 25%
ema_pullback_cont,EMA pullback + breakout continuation,4h,"{""ema_fast"": 50, ""ema_slow"": 200, ""stop_atr"": 2.5}",validation fail,187.0,0.0,37.0,150.0,0.19786096256684493,380.3995203116303,-92.3043990767729,0.04048659451541379,-0.008829461801559378,4.121141831986126,1.0165483185565776,1.2252534225368292,0.0009282605713176643,-0.004733668001692789,0.09282605713176646,8108.7008011862645,7653.839279916317,225.73913125555947,229.12239001438707,0.029503092630231986,0.004273635905784445,0.37413710775279185,0.04313056030145289,0.12621856474314222,0.06637172562547633,4.0,15.0,84.77005347593582,20.0,0.2652788004551844,27.42675010038817,6.818161076887976,0.32827781384451754,55.0,0.0,8.0,47.0,0.14545454545454545,266.4511965162656,-73.7093735133633,0.027974874929071452,-0.007650077611543545,3.6148889051127093,0.6153002391681207,-24.231472418144566,-0.0024682663329086375,-0.006369482466763302,-0.2468266332908637,1472.1922694119924,2722.191812955015,82.73143945492819,-1332.730982997951,-0.1332730982997944,-0.0932817539536458,0.20848663185538063,0.03601530984018509,-0.8641834903849299,-0.7646566849723185,1.0,19.0,69.96363636363637,32.0,0.3004372267332917,37.654639175257735,1.460643394934976,-1.1138697462714047,41.0,0.0,6.0,35.0,0.14634146341463414,163.55898777991078,-94.62511043465699,0.01762428942816306,-0.01050208214117177,1.7284945510616425,0.29631335161056727,-56.842071671549505,-0.006386027765171549,-0.00923871490421411,-0.6386027765171549,571.414430024885,2819.1145309239378,82.8248376344766,-2330.5249385335296,-0.23305249385335214,-0.16606584542635427,0.289202238939953,0.028263771342322976,-2.050716352733255,-1.7597000214365073,2.0,15.0,63.31707317073171,12.0,0.20268582136164898,28.06105559025609,1.4610997033994981,-3.5344174106765056,1.4705968951069917,282.0,0.0,50.0,232.0,0.1773049645390071,354.08413675464186,-88.82815840173159,0.037556330168961066,-0.00884286979705804,3.986169961480812,0.8590883537674164,-10.297609615140543,-0.0006160612924447234,-0.005495036779887653,-0.0616061292444723,10590.048283866414,13105.039061719082,388.93513361696273,-2903.925911469633,-0.2903925911469626,-0.03460420265612496,0.49459279934922495,0.048158642688383865,-0.13600248159656453,-0.07639202739664712,4.0,19.0,80.02836879432624,22.0,0.264348966874385,28.95034431067597,9.740816792151495,-0.3075576840861575,2.0304586840694694,2019.0,,0.7474960293470222,0.7904937224748998,"[0.67, 0.79, 0.81]",False,,,,False,parameter neighbourhood median PF < 1.2; edge depends on a single calendar year; validation gate; OOS PF < 1.5; OOS expectancy <= 0; walk-forward PF < 1.5; walk-forward expectancy <= 0; max DD > 25%
donchian_ema,Donchian breakout + EMA50>EMA200,4h,"{""n"": 30, ""stop_atr"": 1.5}",validation fail,86.0,0.0,29.0,57.0,0.3372093023255814,1961.2842692248653,-397.00357408040765,0.08791317851044304,-0.015524539545181898,4.940218167475828,2.5134443308210352,398.2330242434634,0.019355621194505585,-0.012967383346040516,1.9657545914062415,51949.30323419657,17005.990277939007,695.2728713197173,34248.04008493785,3.4617899502167653,0.2452645576961967,0.195039783980682,0.02653761324098839,1.249043011658732,1.1251461156954075,4.0,7.0,165.67441860465115,96.0,0.23843630765111454,12.613371703921832,6.818161076887976,2.747891613378603,26.0,0.0,7.0,19.0,0.2692307692307692,641.4802639446716,-184.92392154501738,0.06311243288571514,-0.016985282021248913,3.4688874137276575,1.2780111524259792,37.56951300989888,0.004579487376779869,-0.017829460805654958,0.4579487376779869,3657.1736390316064,2571.8742829532634,108.49201782097212,976.8073382573708,0.09768073382573705,0.06588685036490216,0.1549207489295329,0.02749366955063906,0.47558560459713467,0.40163818191775313,2.0,6.0,119.23076923076923,84.0,0.2420362273579013,17.80037488284911,1.460643394934976,0.49737631359763146,27.0,0.0,6.0,21.0,0.2222222222222222,192.9115965119906,-186.9951323469895,0.021501853393289232,-0.021237295891237025,1.0316396693900165,0.29475419125429037,-102.57141482277171,-0.011739707161342303,-0.019720511049444892,-1.1739707161342303,213.765601388537,2854.2878487070284,128.90595289634422,-2769.428200214836,-0.2769428200214835,-0.1990313740197983,0.3468279364941761,0.0393946044102341,-1.7974725847669588,-1.4400945067367745,2.0,9.0,74.51851851851852,36.0,0.1570893191755153,18.479231730168642,1.4610997033994981,-2.98506162615385,1.0840178498530004,137.0,0.0,41.0,96.0,0.29927007299270075,2120.6506776296437,-615.0840854215103,0.07779400961031878,-0.017019746170437496,3.4477410940918514,1.4724727589350617,203.63945680547747,0.011355173442781535,-0.014373950111792261,1.1544702828780709,73090.90379580646,43340.59478222334,1851.7034312327012,27898.605582350414,2.78986055823504,0.14657355588096488,0.387781669087787,0.02874157114890285,0.8586086797616811,0.7657033331886312,4.0,9.0,143.1824817518248,80.0,0.22977088506770368,14.064528973626269,9.740816792151495,2.2403461627665546,3.048036217312031,2023.0,0.5401977582911541,1.2431550854817208,1.4322652402664717,"[1.31, 1.55]",False,0.6048511922735399,58.0,-0.003292096613017552,False,validation gate; OOS PF < 1.5; OOS expectancy <= 0; walk-forward PF < 1.5; walk-forward expectancy <= 0; < 150 trades; max DD > 25%
htf_breakout,"HTF breakout + EMA filter, chandelier trail",6h,"{""ema_slow"": 200, ""n"": 20, ""stop_atr"": 2.5}",validation fail,110.0,0.0,42.0,68.0,0.38181818181818183,382.03253900126003,-139.40280650177553,0.02970087813336938,-0.010241135159931825,2.740493886659263,1.6926579888189566,59.69068905392896,0.0050094517338740915,-0.005577069243534655,0.5009451733874091,12535.405270677427,5655.777501574254,313.6519731709882,6565.975795932186,0.6636007405568631,0.07751101613800926,0.1372166899870353,0.023019635443251238,0.8080824992601734,0.7765943705220939,5.0,9.0,154.52727272727273,126.0,0.2844091958638691,16.133922296958136,6.817932922655715,1.7690659368168198,28.0,0.0,8.0,20.0,0.2857142857142857,247.63819468871068,-105.10967394653233,0.025184774041559395,-0.010282817289751557,2.355998124536857,0.9423992498147428,-4.324568622177184,-0.00014921976651985656,-0.009019980732077269,-0.014921976651985722,1149.2747743794168,1203.213196651233,67.14949914914514,-121.08792142096115,-0.012108792142095592,-0.00830595341690843,0.1013824312604723,0.03067952911203326,-0.06420715976624018,-0.06000415175947236,1.0,4.0,163.71428571428572,99.0,0.3578454332552693,19.16963448922212,1.460643394934976,-0.03162261601336657,23.0,0.0,7.0,16.0,0.30434782608695654,186.08675823523382,-111.35284543164214,0.020035662325255117,-0.01152797562913653,1.6711450660636213,0.7311259664028343,-20.827748663462494,-0.0019216510343216817,-0.008592434671766671,-0.19216510343216806,887.0312940726438,1293.9437915620517,72.1257217702296,-479.03821925963734,-0.04790382192596376,-0.033049471230567784,0.14210936518493356,0.018296866565663403,-0.3669247257652785,-0.3972443086529951,2.0,4.0,158.08695652173913,138.0,0.2838407494145199,15.746485473289598,1.460643394934976,-0.4316161301651877,1.9636901347787588,160.0,0.0,57.0,103.0,0.35625,384.52897151640246,-155.00613473798083,0.028257770321565803,-0.010511710467292837,2.4807338894451005,1.3728333174599099,37.20324686514323,0.0032999170637380533,-0.007007888181955123,0.3299917063738054,16292.911553360569,9792.169310313646,548.2227446240113,5952.5194984229165,0.595251949842291,0.04911501657005801,0.20317796573776503,0.02597395300575441,0.5572840296810194,0.5457261817900942,5.0,9.0,158.4375,126.0,0.2968870775068512,16.42611200899445,9.740588637919233,1.4711081294405342,2.5689472388666825,2023.0,0.5734327793739395,1.1821599494230557,1.2852806554203433,"[1.21, 1.5, 1.29, 1.28]",False,0.7111850909282309,19.0,-0.002713285961687707,False,validation gate; OOS PF < 1.5; OOS expectancy <= 0; walk-forward PF < 1.5; walk-forward expectancy <= 0
ema_pullback_cont,EMA pullback + breakout continuation,6h,"{""ema_fast"": 50, ""ema_slow"": 200, ""stop_atr"": 1.5}",validation fail,116.0,0.0,26.0,90.0,0.22413793103448276,1154.2235423267323,-209.08770994330743,0.06953429609295708,-0.010216093121060307,5.520284012100431,1.5947487146067911,96.48205349652912,0.0076589941165642805,-0.006574524733664329,0.7654403269993717,24464.364428954665,12815.101046912809,457.34517644448556,11191.918205597378,1.135457725246889,0.11770477846053229,0.3941993048966477,0.03156407403758733,0.8050300678228124,0.7362331926499894,2.0,10.0,119.12068965517241,30.0,0.23120168657765286,17.013954422246762,6.817932922655715,1.61099812246701,36.0,0.0,5.0,31.0,0.1388888888888889,223.67209039443077,-110.27882528489452,0.03002281044435546,-0.012956644659819445,2.0282415034490606,0.32713572636275173,-63.896753662765995,-0.00698727589535071,-0.011680329019605074,-0.6987275895350709,-195.0571197642055,2025.7606731394646,79.46533895590609,-2300.283131859576,-0.23002831318595784,-0.16386339955524154,0.26547813793734454,0.26547813793734454,-1.5866852522872659,-1.3919008880551529,1.0,11.0,81.66666666666667,42.0,0.22950819672131148,24.646672914714152,1.460643394934976,-1.801746267896836,20.0,0.0,3.0,17.0,0.15,240.6472979658091,-124.40226049654356,0.025868819290247525,-0.013204967905533372,1.9344286591359432,0.34136976337693115,-69.64482672719069,-0.007343899826166236,-0.01204212764278582,-0.7343899826166236,486.2135479388689,1813.9437833976292,65.16629908505335,-1392.8965345438137,-0.1392896534543816,-0.09759565672561021,0.2252862940265825,0.03911305760113161,-1.1292833345096815,-0.7941863386773955,1.0,13.0,97.2,21.0,0.15175644028103044,13.692596063730084,1.460643394934976,-1.9883408419140824,1.6857551984026484,172.0,0.0,34.0,138.0,0.19767441860465115,1013.3830295679479,-216.67642119882643,0.06112998174472084,-0.011199918983651433,4.6769418839443,1.152290029377581,26.47486558065216,0.003097852090561691,-0.008041218552829573,0.3094755938223403,25633.835512393904,20337.92105597454,742.2375765471937,4553.676879872171,0.45536768798721616,0.03927696580066864,0.5230207724303433,0.033949656769692804,0.3446125459811152,0.3121193367275473,2.0,13.0,111.31395348837209,30.0,0.2242287962897899,17.658070409669033,9.740588637919233,0.8968518713825689,2.447324626912327,2019.0,1.3554776080808304,0.9419680931572668,1.1341257191956524,"[0.97, 1.13, 1.37]",False,,,,False,parameter neighbourhood median PF < 1.2; edge depends on a single calendar year; validation gate; OOS PF < 1.5; OOS expectancy <= 0; walk-forward PF < 1.5; walk-forward expectancy <= 0; max DD > 25%
donchian_ema,Donchian breakout + EMA50>EMA200,6h,"{""n"": 20, ""stop_atr"": 2.5}",validation fail,74.0,0.0,28.0,46.0,0.3783783783783784,561.3942570120714,-158.20473440913722,0.04108648761828958,-0.010786173514521843,3.5485300683874335,2.159974824235829,114.07596504753631,0.008841319887082477,-0.006131141601822427,0.8841319887082479,12684.286455370382,4090.964578963423,151.70046288927261,8441.621413517687,0.8519582195774267,0.09459637794197984,0.11686431338615777,0.020915147152642432,0.9716178369013365,0.7471312892195844,4.0,8.0,194.9189189189189,135.0,0.24134123080012046,10.853729545226383,6.817932922655715,2.251315352935768,25.0,0.0,7.0,18.0,0.28,283.0071268581014,-104.2536409778363,0.028404375901855718,-0.010160087517809543,2.714601851826614,1.0556784979325722,4.179374016226247,0.0006379622396967294,-0.007877135174897097,0.06379622396967298,1261.6120479270173,1118.3778438703685,38.749853650992684,104.48435040565619,0.010448435040565363,0.0071415781674222245,0.11264553786206644,0.019943884303405726,0.1292125759449218,0.10507398690365298,2.0,9.0,128.4,78.0,0.2505854800936768,17.115745079662606,1.460643394934976,0.14635626342967056,15.0,0.0,4.0,11.0,0.26666666666666666,100.19787226263514,-93.5951318116071,0.010630831807339423,-0.009682632453634562,1.0705457679606496,0.3892893701675089,-41.91699739180918,-0.004265708650708165,-0.007690277312932736,-0.42657086507081654,215.8351356822156,817.2160015231309,27.374095036222357,-628.7549608771377,-0.06287549608771337,-0.04348543627056378,0.09049534773004753,0.020742416330594992,-0.7966112373479579,-0.5889773658307202,2.0,6.0,170.0,120.0,0.1990632318501171,10.269447047797565,1.460643394934976,-1.5315983726768665,1.4651278349783143,114.0,0.0,39.0,75.0,0.34210526315789475,512.4358332816022,-168.33304258362688,0.03552376108504676,-0.010474060186380757,3.0441785250036517,1.5829728330018988,64.56157284395142,0.005262036564370763,-0.007157299034564991,0.5262036564370762,15287.644241951739,7654.200976833605,273.4239609076719,7360.019304210462,0.736001930421047,0.05826148512624485,0.16738362948190155,0.022357697656559997,0.6735958282641631,0.5205062906331362,4.0,9.0,177.10526315789474,120.0,0.2364556250439182,11.703604806408546,9.740588637919233,1.905105849044988,2.8270392503502766,2017.0,0.3706569984715679,1.3993811271617744,1.6819721751855936,"[1.68, 2.01, 1.55]",False,,0.0,,False,validation gate; OOS PF < 1.5; OOS expectancy <= 0; walk-forward PF < 1.5; walk-forward expectancy <= 0; < 150 trades
