family,tf,params,train_trades,train_win_rate,train_profit_factor,train_expectancy_pct,train_max_drawdown,train_tstat,train_net_return,neighbour_train_pf,eligible,score
htf_breakout,2h,"{""ema_slow"": 100, ""n"": 10, ""stop_atr"": 1.5}",476,0.2710084033613445,0.4026865801976266,-0.005486467459928337,0.9887067478535426,-2.3144015131938356,-0.9837253598902622,0.6164450648975147,False,-inf
htf_breakout,2h,"{""ema_slow"": 100, ""n"": 10, ""stop_atr"": 2.5}",426,0.3051643192488263,0.6347289424980409,-0.003067538398325112,0.8612644137817995,-1.7755593549550575,-0.8074721899676008,0.6272973121130985,False,-inf
htf_breakout,2h,"{""ema_slow"": 200, ""n"": 10, ""stop_atr"": 1.5}",435,0.26666666666666666,0.3797226628616329,-0.005511630280072907,0.9855730421100146,-2.145761573451,-0.9795806445603821,0.6395572229970311,False,-inf
htf_breakout,2h,"{""ema_slow"": 200, ""n"": 10, ""stop_atr"": 2.5}",384,0.3072916666666667,0.6463142297792442,-0.002731264278620657,0.8167421836612172,-1.4382101081370022,-0.7494227308705581,0.6385566233007921,False,-inf
htf_breakout,2h,"{""ema_slow"": 100, ""n"": 20, ""stop_atr"": 1.5}",395,0.2708860759493671,0.8348835893328703,-0.0027550817486792748,0.8863879465401683,-1.6238493253813227,-0.7252423183816965,0.7266345256850623,False,-inf
htf_breakout,2h,"{""ema_slow"": 100, ""n"": 20, ""stop_atr"": 2.5}",369,0.2981029810298103,0.8328911263624247,-0.0016837160593007141,0.768969584424263,-1.2311791423239462,-0.5190616646686661,0.8081658112045271,False,-inf
htf_breakout,2h,"{""ema_slow"": 200, ""n"": 20, ""stop_atr"": 1.5}",349,0.2722063037249284,0.8696708590142225,-0.0018113815805322019,0.8068200944072019,-0.9665076808790384,-0.5614091285105536,0.7375417316901856,False,-inf
htf_breakout,2h,"{""ema_slow"": 200, ""n"": 20, ""stop_atr"": 2.5}",324,0.3055555555555556,0.9012182645427025,-0.0007438712576292607,0.6457214349481524,-0.48783471725683153,-0.2924660650943858,0.819044990269683,False,-inf
htf_breakout,2h,"{""ema_slow"": 100, ""n"": 30, ""stop_atr"": 1.5}",364,0.25274725274725274,0.8012895371659753,-0.003103272830870285,0.8681514910349716,-1.7307883981152434,-0.7334330170839121,0.8436861492669672,False,-inf
htf_breakout,2h,"{""ema_slow"": 100, ""n"": 30, ""stop_atr"": 2.5}",332,0.29518072289156627,0.8618324484444947,-0.001171353486586181,0.6721128374008062,-0.7831425695502625,-0.39050006683150273,0.8538281364837469,False,-inf
htf_breakout,2h,"{""ema_slow"": 200, ""n"": 30, ""stop_atr"": 1.5}",325,0.2553846153846154,0.8343424100235364,-0.0023004586174247706,0.7951422364552259,-1.1739630936776746,-0.6051443798443523,0.8660880473676794,False,-inf
htf_breakout,2h,"{""ema_slow"": 200, ""n"": 30, ""stop_atr"": 2.5}",296,0.30067567567567566,0.9273037459228406,-0.0003801088396202355,0.5531870333389661,-0.2310333017324318,-0.19250000536657785,0.8657977076702444,False,-inf
ema_pullback_cont,2h,"{""ema_fast"": 20, ""ema_slow"": 100, ""stop_atr"": 1.5}",549,0.18761384335154827,0.6389422535348365,-0.006729604739679609,0.9856719524160465,-6.153597376641617,-0.9793511440720841,0.5404904500405644,False,-inf
ema_pullback_cont,2h,"{""ema_fast"": 20, ""ema_slow"": 100, ""stop_atr"": 2.5}",541,0.19408502772643252,0.6120821757637456,-0.004117493589585815,0.9280182564531038,-5.275436513155051,-0.9015339769990187,0.6237607365986538,False,-inf
ema_pullback_cont,2h,"{""ema_fast"": 20, ""ema_slow"": 200, ""stop_atr"": 1.5}",583,0.17495711835334476,0.2592073105691836,-0.008379622613725358,0.9985256795061119,-4.6033807343345154,-0.9982490071611433,0.6030569725418166,False,-inf
ema_pullback_cont,2h,"{""ema_fast"": 20, ""ema_slow"": 200, ""stop_atr"": 2.5}",574,0.18118466898954705,0.42185352065869336,-0.005035643545104105,0.9647098218448144,-4.2931748822574,-0.9594847979945034,0.5594890321761221,False,-inf
ema_pullback_cont,2h,"{""ema_fast"": 50, ""ema_slow"": 100, ""stop_atr"": 1.5}",337,0.18397626112759644,0.7501818637887641,-0.005068401872046248,0.9154967578132241,-2.7425594652236973,-0.8491937319151097,0.7326012775230626,False,-inf
ema_pullback_cont,2h,"{""ema_fast"": 50, ""ema_slow"": 100, ""stop_atr"": 2.5}",329,0.19756838905775076,0.8104864356024314,-0.0020762725338345465,0.7624184487990253,-1.34820060167557,-0.5511996252899545,0.723147216582649,False,-inf
ema_pullback_cont,2h,"{""ema_fast"": 50, ""ema_slow"": 200, ""stop_atr"": 1.5}",393,0.16539440203562342,0.7483751434319197,-0.004615313484936415,0.9176043076395126,-2.751543490403643,-0.8670952576505505,0.605522261517795,False,-inf
ema_pullback_cont,2h,"{""ema_fast"": 50, ""ema_slow"": 200, ""stop_atr"": 2.5}",385,0.17142857142857143,0.8071776101954371,-0.002009162102416912,0.7688691099137154,-1.4637921445831867,-0.5941147525923851,0.6602383665643482,False,-inf
donchian_ema,2h,"{""n"": 30, ""stop_atr"": 2.5}",175,0.3142857142857143,1.2848945996170573,0.004662227076564351,0.2747293803837153,1.3637879703210516,0.9345052590346408,1.1459684259025773,True,1.0509648492523274
donchian_ema,2h,"{""n"": 30, ""stop_atr"": 2.0}",181,0.2983425414364641,1.260394067026354,0.0054632352564454355,0.34330193999234815,1.4079778633365019,1.1726643248397255,1.1367935971543723,True,1.0180447325899808
donchian_ema,2h,"{""n"": 30, ""stop_atr"": 1.5}",201,0.25870646766169153,1.0827387983596117,0.00324249620013516,0.594451281339117,0.8164858435000658,0.4603790708428779,1.123071597000934,True,0.807900645749827
donchian_ema,2h,"{""n"": 20, ""stop_atr"": 2.5}",226,0.3185840707964602,1.0315427847788006,0.0007891157830561168,0.3709924264961153,0.38112871409942867,0.08011310846459918,1.0621910807079373,True,0.3508907939539946
donchian_ema,2h,"{""n"": 20, ""stop_atr"": 2.0}",230,0.30869565217391304,1.0427473934864477,0.001163453294628437,0.41378009970163454,0.483927253202304,0.13579264864380192,1.0327130274464604,True,0.32169815389216805
donchian_ema,2h,"{""n"": 10, ""stop_atr"": 2.5}",386,0.25647668393782386,0.5311552337632921,-0.003882550143910026,0.8563128943304013,-2.17697226112084,-0.8375989936624522,0.6632328258967909,False,-inf
donchian_ema,2h,"{""n"": 10, ""stop_atr"": 2.0}",394,0.2512690355329949,0.4675344027732751,-0.005046579330166206,0.9310303143464234,-2.378677301481292,-0.9211963051184889,0.5597744693060793,False,-inf
donchian_ema,2h,"{""n"": 10, ""stop_atr"": 1.5}",409,0.2396088019559902,0.2950020431497733,-0.007032389114814578,0.9886271684103635,-2.698491111792158,-0.9868374935189135,0.6258463398689555,False,-inf
donchian_ema,2h,"{""n"": 15, ""stop_atr"": 1.5}",313,0.23961661341853036,0.7841582769646359,-0.003292416963989261,0.8188406444268576,-1.7220256057659435,-0.6991671335431526,0.7113057670434865,False,-inf
donchian_ema,2h,"{""n"": 20, ""stop_atr"": 1.5}",241,0.29045643153526973,0.9857491269755136,0.0005261940174818722,0.589319057407157,0.19923823041291328,-0.05802460906857121,0.9698814896035651,False,-inf
donchian_ema,2h,"{""n"": 15, ""stop_atr"": 2.0}",293,0.2696245733788396,0.8531661310051726,-0.001496517549801399,0.6228347146255059,-0.8637812915903074,-0.42890031711826904,0.7883428305611664,False,-inf
donchian_ema,2h,"{""n"": 15, ""stop_atr"": 2.5}",288,0.2743055555555556,0.8589312490203067,-0.001204048165925666,0.5510671598711457,-0.825280761806806,-0.35000530874878477,0.8052880498490884,False,-inf
htf_breakout,4h,"{""ema_slow"": 100, ""n"": 30, ""stop_atr"": 2.5}",149,0.3691275167785235,1.731158290415907,0.005621649166198421,0.16302016451833556,2.1048768362845562,1.155765237422595,1.5996521328408342,True,1.9536806806298508
htf_breakout,4h,"{""ema_slow"": 200, ""n"": 30, ""stop_atr"": 2.5}",134,0.373134328358209,1.76120913868741,0.00589768320518201,0.14057502176597836,1.9888367668210196,1.0579233801303651,1.6343447540132747,True,1.9519923963282495
htf_breakout,4h,"{""ema_slow"": 200, ""n"": 30, ""stop_atr"": 1.5}",148,0.3310810810810811,1.524872185106043,0.0073677333959433315,0.23114427126357318,1.836200806811574,1.5533301152376309,1.5574857270307179,True,1.8551724309780733
htf_breakout,4h,"{""ema_slow"": 100, ""n"": 30, ""stop_atr"": 1.5}",168,0.31547619047619047,1.4400827270804917,0.0064278508194147484,0.3081532226429119,1.7691840067480706,1.50354901763344,1.544158137010027,True,1.8533208203650706
htf_breakout,4h,"{""ema_slow"": 100, ""n"": 20, ""stop_atr"": 2.5}",173,0.3699421965317919,1.5976645327546015,0.004807939196645047,0.17598337415390952,1.951825112665756,1.1236782187930325,1.5145843545009015,True,1.7985422105368474
htf_breakout,4h,"{""ema_slow"": 200, ""n"": 20, ""stop_atr"": 2.5}",151,0.3708609271523179,1.6470037865178748,0.0051787438892841355,0.16618716661661637,1.8780551753958479,1.0292973286912472,1.5358288228094237,True,1.7888285067001497
htf_breakout,4h,"{""ema_slow"": 200, ""n"": 20, ""stop_atr"": 1.5}",164,0.3353658536585366,1.4711653153242514,0.006907919372442612,0.2669887692162153,1.8264681435316288,1.6299758687666537,1.4414323151548345,True,1.6926685107112085
htf_breakout,4h,"{""ema_slow"": 100, ""n"": 20, ""stop_atr"": 1.5}",192,0.3229166666666667,1.3764439355081317,0.005665354024396954,0.30971683927208904,1.7030216316160813,1.4875440290372963,1.4201602534675797,True,1.6743531681961201
htf_breakout,4h,"{""ema_slow"": 200, ""n"": 10, ""stop_atr"": 2.5}",185,0.34054054054054056,1.3132763044714324,0.0029460435718640836,0.22599382238961307,1.2989573350864958,0.5993004451578745,1.3893815151889521,True,1.4378854008513127
htf_breakout,4h,"{""ema_slow"": 100, ""n"": 10, ""stop_atr"": 2.5}",208,0.34615384615384615,1.3037314055616929,0.002876688402982942,0.21070935260329415,1.3549322967219968,0.6725292650166614,1.3608897586456694,True,1.4317454227233282
htf_breakout,4h,"{""ema_slow"": 200, ""n"": 10, ""stop_atr"": 1.5}",205,0.3073170731707317,1.2174093534872887,0.003937283294630129,0.3469580447634274,1.2195967962009093,0.8575475440413705,1.3187233528355529,True,1.3665723053095247
htf_breakout,4h,"{""ema_slow"": 100, ""n"": 10, ""stop_atr"": 1.5}",233,0.30472103004291845,1.1717284387109748,0.0032446132663463928,0.35711773148310155,1.1212669464190648,0.7511186112556598,1.2991948981857044,True,1.349704417739513
ema_pullback_cont,4h,"{""ema_fast"": 50, ""ema_slow"": 200, ""stop_atr"": 2.5}",187,0.19786096256684493,1.0165483185565776,0.0009282605713176643,0.37413710775279185,0.32827781384451754,0.029503092630231986,0.8518286085607318,True,-0.016016332698274377
ema_pullback_cont,4h,"{""ema_fast"": 20, ""ema_slow"": 100, ""stop_atr"": 1.5}",256,0.22265625,0.603812031261804,-0.003436974517836175,0.7407662708273652,-1.1438587269728062,-0.7208011944006849,0.7189366225347363,False,-inf
ema_pullback_cont,4h,"{""ema_fast"": 20, ""ema_slow"": 200, ""stop_atr"": 1.5}",260,0.22692307692307692,0.6538109424520194,-0.0024310599441095164,0.6515507082424353,-0.81357001617518,-0.6436987661214468,0.7603159666709557,False,-inf
ema_pullback_cont,4h,"{""ema_fast"": 20, ""ema_slow"": 100, ""stop_atr"": 2.5}",253,0.22924901185770752,0.7029320187240081,-0.0018063846949994517,0.47533612716660356,-0.9583516240219799,-0.44319984946379254,0.7478582511977345,False,-inf
ema_pullback_cont,4h,"{""ema_fast"": 20, ""ema_slow"": 200, ""stop_atr"": 2.5}",260,0.23076923076923078,0.7614127654002673,-0.0012298276950376886,0.40264082544538116,-0.646558136970508,-0.36578528460008963,0.7910970932442017,False,-inf
ema_pullback_cont,4h,"{""ema_fast"": 50, ""ema_slow"": 100, ""stop_atr"": 1.5}",162,0.2037037037037037,0.8000669064281813,-8.872140660982428e-05,0.6006690639563232,-0.01744543184393288,-0.3546694369282838,0.7992950305145774,False,-inf
ema_pullback_cont,4h,"{""ema_fast"": 50, ""ema_slow"": 100, ""stop_atr"": 2.5}",161,0.20496894409937888,0.8783499569311319,-0.00018810121972526943,0.37413710775279174,-0.06098094946875679,-0.1504236280549227,0.8398490812362557,False,-inf
ema_pullback_cont,4h,"{""ema_fast"": 50, ""ema_slow"": 200, ""stop_atr"": 1.5}",188,0.19680851063829788,0.915723103350796,0.0014502204124726284,0.6006690639563231,0.3151959418016498,-0.16245138581908358,0.8234753891455927,False,-inf
donchian_ema,4h,"{""n"": 30, ""stop_atr"": 1.5}",86,0.3372093023255814,2.5134443308210352,0.019355621194505585,0.195039783980682,2.747891613378603,3.4617899502167653,2.504014255857794,True,2.7474176005737303
donchian_ema,4h,"{""n"": 30, ""stop_atr"": 2.0}",81,0.38271604938271603,2.6465758737294274,0.01604079694452732,0.17808033997469563,2.7981842117052875,2.315094813546673,2.5431675352290197,True,2.726806951256725
donchian_ema,4h,"{""n"": 30, ""stop_atr"": 2.5}",78,0.3974358974358974,2.822373365510553,0.013489656672741317,0.11889803763038287,2.826321387017376,1.683260106500562,2.4810493595409095,True,2.712904463870991
donchian_ema,4h,"{""n"": 20, ""stop_atr"": 1.5}",108,0.3611111111111111,2.3614526379861602,0.015238575769742494,0.20020407387367922,2.6961769766373007,3.387037680887076,2.133176757791009,True,2.49890274612473
donchian_ema,4h,"{""n"": 20, ""stop_atr"": 2.0}",107,0.3644859813084112,2.2936849093554708,0.01125203241940571,0.1629162586131483,2.5348305929256316,2.014230131505604,2.2197414291638577,True,2.4723412414885773
donchian_ema,4h,"{""n"": 20, ""stop_atr"": 2.5}",104,0.375,2.3155228453523917,0.009243060860404488,0.12482393786487267,2.514207792890309,1.450256242492653,2.232849062150992,True,2.4211435860033808
donchian_ema,4h,"{""n"": 15, ""stop_atr"": 1.5}",147,0.3401360544217687,1.5924010331965208,0.007928286811029221,0.21672469061189725,2.0167118015573853,1.7753548003088033,1.7972925506223831,True,2.0773784125204027
donchian_ema,4h,"{""n"": 15, ""stop_atr"": 2.0}",145,0.3448275862068966,1.5554143595874514,0.005627840390125494,0.18727781805055344,1.8183066332843583,1.0738683446141541,1.7372505280370008,True,1.9709571424903196
donchian_ema,4h,"{""n"": 15, ""stop_atr"": 2.5}",141,0.3546099290780142,1.5824889115869518,0.004641791113752187,0.1648964937892584,1.8092145711802061,0.8195210390291563,1.788597260187198,True,1.9490132458402452
donchian_ema,4h,"{""n"": 10, ""stop_atr"": 1.5}",184,0.3532608695652174,1.4750106542935382,0.005770995406671799,0.22203600819878322,1.778318238602567,1.4606232058260487,1.5364141456027902,True,1.8235840512213233
donchian_ema,4h,"{""n"": 10, ""stop_atr"": 2.0}",182,0.35714285714285715,1.4804272580090596,0.004288042190187218,0.18449480542117236,1.675722113504017,0.9743594147716139,1.5084265298342467,True,1.7316677428492626
donchian_ema,4h,"{""n"": 10, ""stop_atr"": 2.5}",180,0.3611111111111111,1.4948545756217506,0.0034390087056754576,0.15639579472760945,1.6543239860061076,0.7388775495572772,1.5314580847980057,True,1.7130868902301104
htf_breakout,6h,"{""ema_slow"": 200, ""n"": 20, ""stop_atr"": 2.5}",110,0.38181818181818183,1.6926579888189566,0.0050094517338740915,0.1372166899870353,1.7690659368168198,0.6636007405568631,1.644684191270939,True,1.7584479913446642
htf_breakout,6h,"{""ema_slow"": 100, ""n"": 20, ""stop_atr"": 2.5}",123,0.3821138211382114,1.6386940772261247,0.004775881212748791,0.15792702311485984,1.8904420420625991,0.7249241595763771,1.573642858434526,True,1.7358325155230692
htf_breakout,6h,"{""ema_slow"": 200, ""n"": 30, ""stop_atr"": 2.5}",97,0.4020618556701031,1.8062703622647298,0.0054782838754369595,0.11001836839054224,1.8426468771005093,0.6395355320091345,1.6219475494020132,True,1.6965147810201646
htf_breakout,6h,"{""ema_slow"": 100, ""n"": 30, ""stop_atr"": 2.5}",109,0.3944954128440367,1.7215370234748157,0.004932248086245421,0.12711011429875274,1.888042862332446,0.6509811435106021,1.5858806409564263,True,1.6847439739608985
htf_breakout,6h,"{""ema_slow"": 200, ""n"": 20, ""stop_atr"": 1.5}",121,0.33884297520661155,1.6180999292616236,0.007172697814408817,0.2097939286681535,1.7445198080378526,1.139878619733512,1.478791475113122,True,1.5404718718631623
htf_breakout,6h,"{""ema_slow"": 200, ""n"": 10, ""stop_atr"": 2.5}",131,0.35877862595419846,1.515672396331277,0.003931286026802786,0.18330606859694898,1.5455652927055417,0.5958204721804785,1.4829117312911961,True,1.527730197831072
htf_breakout,6h,"{""ema_slow"": 100, ""n"": 10, ""stop_atr"": 2.5}",147,0.35374149659863946,1.4327966753888495,0.003381523157798662,0.17544991611014238,1.5127155657875764,0.5693351329788023,1.453432636990386,True,1.4998170124544201
htf_breakout,6h,"{""ema_slow"": 200, ""n"": 30, ""stop_atr"": 1.5}",111,0.34234234234234234,1.4516476359122674,0.005029842893146339,0.17409855251995288,1.286303447830884,0.6118122593602009,1.5790159249682596,True,1.4978285618293214
htf_breakout,6h,"{""ema_slow"": 100, ""n"": 20, ""stop_atr"": 1.5}",140,0.32142857142857145,1.4475797460554825,0.005936430262843558,0.29250914538381256,1.6188961706159046,1.047633983027127,1.4438507318199827,True,1.4844494568652717
htf_breakout,6h,"{""ema_slow"": 100, ""n"": 30, ""stop_atr"": 1.5}",128,0.328125,1.3126774833784252,0.0038948943777951436,0.23642931541334467,1.1178441143480393,0.5110173817079142,1.5402548018141884,True,1.4777716487818184
htf_breakout,6h,"{""ema_slow"": 200, ""n"": 10, ""stop_atr"": 1.5}",155,0.2967741935483871,1.3232805296657821,0.004479431196959184,0.2394434703305267,1.2835739960143504,0.766643937270312,1.446567921002219,True,1.4060510615049269
htf_breakout,6h,"{""ema_slow"": 100, ""n"": 10, ""stop_atr"": 1.5}",176,0.2840909090909091,1.2059314374137562,0.0032734935880882206,0.3173474043066057,1.0505451492619635,0.5637363141477789,1.4012189837033713,True,1.3664327204199487
ema_pullback_cont,6h,"{""ema_fast"": 50, ""ema_slow"": 200, ""stop_atr"": 1.5}",116,0.22413793103448276,1.5947487146067911,0.0076589941165642805,0.3941993048966477,1.61099812246701,1.135457725246889,1.4939144782400247,True,1.4456345895392613
ema_pullback_cont,6h,"{""ema_fast"": 50, ""ema_slow"": 200, ""stop_atr"": 2.5}",115,0.22608695652173913,1.6081833412041582,0.004267882117584694,0.28043185049423547,1.472562761215076,0.5580073980408176,1.5027421603719926,True,1.415670437505973
ema_pullback_cont,6h,"{""ema_fast"": 50, ""ema_slow"": 100, ""stop_atr"": 1.5}",102,0.23529411764705882,1.660650484398493,0.008574962715626758,0.3708648372118418,1.65247450575781,1.1284378934166854,1.4627595826209427,True,1.408370554338503
ema_pullback_cont,6h,"{""ema_fast"": 50, ""ema_slow"": 100, ""stop_atr"": 2.5}",101,0.2376237623762376,1.6300717660283777,0.00466610881512672,0.2710822890873883,1.4689743056738427,0.5336646418216704,1.4906184219641156,True,1.3731733223658087
ema_pullback_cont,6h,"{""ema_fast"": 20, ""ema_slow"": 200, ""stop_atr"": 1.5}",156,0.27564102564102566,1.2129096091174227,0.00266834671782764,0.36019980364138715,1.0465029687171485,0.41473036522406037,1.3472043274384198,True,1.1671707338268678
ema_pullback_cont,6h,"{""ema_fast"": 20, ""ema_slow"": 200, ""stop_atr"": 2.5}",153,0.28104575163398693,1.2834060004808088,0.0017462286334821078,0.224071466840276,1.1101465606679632,0.2740392627183337,1.3413714635370921,True,1.1319735018541737
ema_pullback_cont,6h,"{""ema_fast"": 20, ""ema_slow"": 100, ""stop_atr"": 1.5}",158,0.2911392405063291,1.1634582672276594,0.00220100649158584,0.3861996143678502,0.9010352834553493,0.3265955005323906,1.3588605112685375,True,1.1246736186867035
ema_pullback_cont,6h,"{""ema_fast"": 20, ""ema_slow"": 100, ""stop_atr"": 2.5}",155,0.2967741935483871,1.203021440289696,0.0013604531305832783,0.24917839920537543,0.8986817168165063,0.20594546351731502,1.358978677912282,True,1.0947094666534154
donchian_ema,6h,"{""n"": 20, ""stop_atr"": 2.5}",74,0.3783783783783784,2.159974824235829,0.008841319887082477,0.11686431338615777,2.251315352935768,0.8519582195774267,2.4091664992375934,True,2.297178671744189
donchian_ema,6h,"{""n"": 20, ""stop_atr"": 2.0}",77,0.35064935064935066,2.1015024572039485,0.010358145615671136,0.1347879174078287,2.209826015132137,1.0933424216133454,2.2597354362646813,True,2.262179458919973
donchian_ema,6h,"{""n"": 30, ""stop_atr"": 2.0}",60,0.3333333333333333,2.5346163430873676,0.01621521946275104,0.173670425022866,2.2984725448434538,1.431613250490345,2.28651585402643,True,2.191040307998902
donchian_ema,6h,"{""n"": 20, ""stop_atr"": 1.5}",80,0.3375,2.1252629981132984,0.013802952167073423,0.17550357076697165,2.3162244449080434,1.7218032250953677,2.137426670344093,True,2.188316437703613
donchian_ema,6h,"{""n"": 30, ""stop_atr"": 1.5}",68,0.29411764705882354,2.087880532380841,0.014968692201649376,0.23777189765148676,1.913680097854452,1.4389515399745934,2.329939670600333,True,2.17612569586865
donchian_ema,6h,"{""n"": 15, ""stop_atr"": 2.5}",88,0.3977272727272727,2.455832468014331,0.009242084468832085,0.12320712258952526,2.3853907447432854,1.1416623699937687,2.046425594360975,True,2.1532607142943094
donchian_ema,6h,"{""n"": 15, ""stop_atr"": 2.0}",92,0.3695652173913043,2.219087579622232,0.010378968418400612,0.14528334257650732,2.2350589367804616,1.3973772880860946,2.088607245963039,True,2.1406850297368445
donchian_ema,6h,"{""n"": 15, ""stop_atr"": 1.5}",94,0.3617021276595745,2.2228970214474892,0.013930592870980595,0.18008683592035002,2.313535192919819,2.220217555066873,1.9564381714375545,True,2.1120790627102446
donchian_ema,6h,"{""n"": 10, ""stop_atr"": 2.5}",117,0.36752136752136755,1.7602143792248635,0.004941338582482016,0.11326562632572268,1.7412778227177228,0.7011114762147497,2.0150147526003597,True,1.8954276088565092
donchian_ema,6h,"{""n"": 10, ""stop_atr"": 1.5}",130,0.3230769230769231,1.524963936577133,0.0067464688113626345,0.22050203418663117,1.5834976762326542,1.113305322722125,1.8985470293169389,True,1.8188823760869977
donchian_ema,6h,"{""n"": 10, ""stop_atr"": 2.0}",124,0.3387096774193548,1.5741970371863883,0.005250612322756777,0.17210374926443428,1.5596142591085196,0.7809506613623598,1.8347552984747428,True,1.7798621737098395
donchian_ema,6h,"{""n"": 30, ""stop_atr"": 2.5}",57,0.3684210526315789,2.670164572494501,0.01413361162725869,0.14957732170544302,2.3421825741655646,1.1150911605307487,2.347295583661598,False,-inf
