family,tf,params,trades,trades_per_year,win_rate_net,gross_pf,net_pf,avg_gross_move_pct,median_abs_move_pct,taker_round_trip_cost_pct,net_return_1pct_risk,max_dd_1pct_risk
bb_mr,5m,"{""k"": 1.5, ""stop_atr"": 2.0}",46311,54.09975768588557,0.020872865275142316,0.7773912212965497,0.011962125920749342,0.010479830890087838,0.3241898421197513,1.8499999999999999,-0.9998991102340989,0.9998991102340989
bb_mr,5m,"{""k"": 1.5, ""stop_atr"": 3.0}",38374,55.9475672463143,0.01834862385321101,0.722267044985397,0.00845902527202548,0.008573678508768997,0.3279319835088941,1.8499999999999999,-0.9999006330030275,0.9999006330030275
bb_mr,5m,"{""k"": 2.0, ""stop_atr"": 2.0}",31887,53.48382116574266,0.02111324376199616,0.7293598424110077,0.010322398536764074,0.013405208848038044,0.3533046315246481,1.8499999999999999,-0.9999010108186586,0.9999010108186586
bb_mr,5m,"{""k"": 2.0, ""stop_atr"": 3.0}",27254,55.2289746394809,0.01858736059479554,0.6826758585529509,0.0076331929375640485,0.017558054597514444,0.36930938915334544,1.8499999999999999,-0.9998992322175068,0.9998992322175068
bb_mr,5m,"{""k"": 2.5, ""stop_atr"": 2.0}",16381,52.97054073229024,0.02131782945736434,0.6021527222937383,0.011385630736220658,0.008205471922520932,0.38750339714365273,1.8499999999999999,-0.9999012074406353,0.9999012074406353
bb_mr,5m,"{""k"": 2.5, ""stop_atr"": 3.0}",14825,55.33163072617139,0.022263450834879406,0.5658176484499505,0.0073650544570730255,0.013219752805104183,0.4233017452263832,1.8499999999999999,-0.9999003083557232,0.9999003083557232
bb_rsi_ema,5m,"{""ema_n"": 100, ""k"": 1.5, ""rsi_max"": 30}",119,12.21607431616771,0.008403361344537815,1.3612801801160805,0.000899767296584619,0.07087234190252775,0.32319429494859436,1.8499999999999999,-0.8819732067433314,0.8819732067433314
bb_rsi_ema,5m,"{""ema_n"": 200, ""k"": 1.5, ""rsi_max"": 30}",1015,52.25194812545684,0.009823182711198428,1.2765635813912386,0.00025089631853062345,0.05287878664056448,0.34696120319234985,1.8499999999999999,-0.9999007514181569,0.9999007514181569
bb_rsi_ema,5m,"{""ema_n"": 100, ""k"": 1.5, ""rsi_max"": 40}",3370,51.73866769200442,0.003968253968253968,1.1523379749215903,8.528337300114966e-07,0.032026374107308825,0.3121998812939107,1.8499999999999999,-0.9999001051703635,0.9999001051703635
bb_rsi_ema,5m,"{""ema_n"": 200, ""k"": 1.5, ""rsi_max"": 40}",7809,50.71210682509957,0.0,1.1247653750445274,0.0,0.026835778380842095,0.30215117130714464,1.8499999999999999,-0.9998994980855098,0.9998994980855098
bb_rsi_ema,5m,"{""ema_n"": 100, ""k"": 2.0, ""rsi_max"": 30}",107,10.98420127588189,0.009345794392523364,1.3602961385236902,0.0009965494291214003,0.07074276866639724,0.3180147867652497,1.8499999999999999,-0.8536146664062959,0.8536146664062959
bb_rsi_ema,5m,"{""ema_n"": 200, ""k"": 2.0, ""rsi_max"": 30}",916,52.45726029883781,0.0136986301369863,1.267999429111858,0.00035186759959743427,0.04947812934041429,0.34989538256505626,1.8499999999999999,-0.9999005042467638,0.9999005042467638
bb_rsi_ema,5m,"{""ema_n"": 100, ""k"": 2.0, ""rsi_max"": 40}",2382,52.35460421214733,0.011764705882352941,1.1586329183593589,9.879026918848274e-06,0.03317202026371632,0.329413356824367,1.8499999999999999,-0.9999007474900066,0.9999007474900066
bb_rsi_ema,5m,"{""ema_n"": 200, ""k"": 2.0, ""rsi_max"": 40}",5754,51.02007508517102,0.002012072434607646,1.1339259203535785,4.697120885124601e-06,0.02910422644782664,0.317797682042712,1.8499999999999999,-0.9999005511009695,0.9999005511009695
bb_rsi_ema,5m,"{""ema_n"": 100, ""k"": 2.5, ""rsi_max"": 30}",73,7.493894328405402,0.0,1.0854011404306523,0.0,0.018849733253744283,0.330840804089546,1.8499999999999999,-0.7395426378852944,0.7395426378852944
bb_rsi_ema,5m,"{""ema_n"": 200, ""k"": 2.5, ""rsi_max"": 30}",638,51.94397986538539,0.007905138339920948,1.2003013433028662,0.00024281761752825132,0.03874299578344104,0.3644971946426896,1.8499999999999999,-0.9999004301425334,0.9999004301425334
bb_rsi_ema,5m,"{""ema_n"": 100, ""k"": 2.5, ""rsi_max"": 40}",1055,52.149292038766355,0.005905511811023622,1.1314557584264302,0.00012014012546407339,0.024104541105138128,0.3510992488237089,1.8499999999999999,-0.9998994516518832,0.9998994516518832
bb_rsi_ema,5m,"{""ema_n"": 200, ""k"": 2.5, ""rsi_max"": 40}",2815,51.73866769200442,0.005952380952380952,1.1777202420199568,0.00010517634731476713,0.03583527905169371,0.34215406736872406,1.8499999999999999,-0.9999014201493371,0.9999014201493371
ema_pullback,5m,"{""stop_atr"": 1.5, ""tp_r"": 1.5}",16860,52.662572472218784,0.005847953216374269,0.9952981568746786,0.000802238048872386,0.0004331340432408409,0.3161751471943092,1.8499999999999999,-0.9998993767701148,0.9998993767701148
ema_pullback,5m,"{""stop_atr"": 1.5, ""tp_r"": 2.0}",15101,51.8413237786949,0.013861386138613862,1.0097033857373423,0.005391926949440199,0.0036788122743397207,0.33804581729336447,1.8499999999999999,-0.9998991511488884,0.9998991511488884
ema_pullback,5m,"{""stop_atr"": 1.5, ""tp_r"": 3.0}",12983,51.32804334524248,0.018,1.0141826835098509,0.02227414665744829,0.006275586517102735,0.3400663786032412,1.8499999999999999,-0.9998994246737429,0.9998994246737429
ema_pullback,5m,"{""stop_atr"": 2.0, ""tp_r"": 1.5}",13283,53.175852905671206,0.013513513513513514,1.0064279620914196,0.004595568542624272,0.002221411022330301,0.42456968596692746,1.8499999999999999,-0.9999009619644572,0.9999009619644572
ema_pullback,5m,"{""stop_atr"": 2.0, ""tp_r"": 2.0}",11795,52.97054073229024,0.02131782945736434,1.0062083847321261,0.01461729781770909,0.0022662135395927485,0.45126579224342894,1.8499999999999999,-0.999899632653221,0.999899632653221
ema_pullback,5m,"{""stop_atr"": 2.0, ""tp_r"": 3.0}",10305,53.278508992361694,0.04816955684007707,1.0265683374496435,0.034027198140139055,0.01281526982044591,0.4491917049778872,1.8499999999999999,-0.9998999556636287,0.9998999556636287
rsi_mr,5m,"{""setting"": [2, 5]}",12972,51.8413237786949,0.0,1.2045210376413162,0.0,0.02046279469985394,0.13630897520000768,1.8499999999999999,-0.9998995525805184,0.9998995525805184
rsi_mr,5m,"{""setting"": [2, 10]}",25082,51.533355518623445,0.0,1.152019558816066,0.0,0.018721080069694133,0.13139422217816446,1.8499999999999999,-0.9998992947591179,0.9998992947591179
rsi_mr,5m,"{""setting"": [2, 15]}",35427,51.533355518623445,0.0,1.1075401382397725,0.0,0.012931354914164762,0.12937730632659328,1.8499999999999999,-0.9998996430633851,0.9998996430633851
rsi_mr,5m,"{""setting"": [14, 25]}",237,24.329492545644936,0.0,1.5028171716940946,0.0,0.0580340247852181,0.22073978039497602,1.8499999999999999,-0.9851590879817474,0.9851590879817474
rsi_mr,5m,"{""setting"": [14, 30]}",1061,52.86788464559975,0.001941747572815534,1.421059509333455,3.594095659116177e-05,0.05117376686279192,0.21171918293580355,1.8499999999999999,-0.9998995364895862,0.9998995364895862
vwap_mr,5m,"{""k"": 1.0, ""trend"": true}",7498,50.917418998480535,0.006048387096774193,0.9870207755329994,1.2083651102804683e-06,-0.0018508426056205553,0.28969294651584676,1.8499999999999999,-0.9998993583477173,0.9998993583477173
vwap_mr,5m,"{""k"": 1.0, ""trend"": false}",32275,53.175852905671206,0.02702702702702703,1.0002721442319344,0.023995859311780554,0.008904445636826866,0.3848062611205055,1.8499999999999999,-0.9999018669149021,0.9999018669149021
vwap_mr,5m,"{""k"": 1.5, ""trend"": true}",4777,50.60945073840908,0.008113590263691683,1.0076596913888354,6.039862345798307e-05,0.0023001443253095667,0.3146719522169055,1.8499999999999999,-0.9998992615995207,0.9998992615995207
vwap_mr,5m,"{""k"": 1.5, ""trend"": false}",26584,53.175852905671206,0.03474903474903475,0.9993572729284239,0.029859612886522485,0.009757825513643969,0.42285281071663355,1.8499999999999999,-0.9998994935934198,0.9998994935934198
vwap_mr,5m,"{""k"": 2.0, ""trend"": true}",3098,50.71210682509957,0.008097165991902834,1.0267660052590093,0.0002230482421188847,0.005876253824278303,0.3307501430430385,1.8499999999999999,-0.9999003769858303,0.9999003769858303
vwap_mr,5m,"{""k"": 2.0, ""trend"": false}",22351,54.30506985926654,0.045368620037807186,0.9994495503765732,0.028663541903248317,0.01117804224209436,0.4535097399998357,1.8499999999999999,-0.9998999967490387,0.9998999967490387
ema_cross,5m,"{""pair"": [10, 30], ""stop_atr"": 2.0}",19415,52.149292038766355,0.04330708661417323,1.0564315701010658,0.05591034346039148,0.022998912267670788,0.2544854116852094,1.8499999999999999,-0.9999009954336207,0.9999031419844406
ema_cross,5m,"{""pair"": [10, 30], ""stop_atr"": 3.0}",19415,55.33163072617139,0.04638218923933209,1.049491212483306,0.055467276989339405,0.02282585641835444,0.26626381562583207,1.8499999999999999,-0.9998994653058342,0.9999016450318619
ema_cross,5m,"{""pair"": [20, 60], ""stop_atr"": 2.0}",9676,53.8944455125046,0.0761904761904762,1.0516602038051788,0.010633744392374389,0.029776228570580356,0.31021006066590945,1.8499999999999999,-0.9998997048826971,0.9999017913503061
ema_cross,5m,"{""pair"": [20, 60], ""stop_atr"": 3.0}",9676,59.3352181071003,0.10899653979238755,1.0537980258560296,0.08455314281654809,0.03133694447451308,0.3736025589544801,1.8499999999999999,-0.9998998716953333,0.999901954692692
ema_cross,5m,"{""pair"": [50, 150], ""stop_atr"": 2.0}",3631,54.92100637940945,0.09906542056074766,1.1961859499028753,0.08091357910464715,0.08158821214134528,0.35888094782621366,1.8499999999999999,-0.9999005176180972,0.9999005176180972
ema_cross,5m,"{""pair"": [50, 150], ""stop_atr"": 3.0}",3631,62.825525054576794,0.1388888888888889,1.2095242195109468,0.13841384113228744,0.11251000210513236,0.5097751184539079,1.8499999999999999,-0.9999003715455539,0.9999003715455539
donchian,5m,"{""n"": 20, ""stop_atr"": 1.5}",19303,53.278508992361694,0.046242774566473986,1.0093790984956477,0.03427777461380195,0.010342335805386616,0.2396313720206334,1.8499999999999999,-0.9999010867777546,0.9999010867777546
donchian,5m,"{""n"": 20, ""stop_atr"": 2.5}",17151,54.81835029271897,0.04681647940074907,1.0049863121404503,0.03807725786037243,0.004223203936276181,0.3054707659410685,1.8499999999999999,-0.9998994134800432,0.9998994134800432
donchian,5m,"{""n"": 50, ""stop_atr"": 1.5}",10167,55.33163072617139,0.07606679035250463,1.0433224078483905,0.06186155213359181,0.026487933228345025,0.2624423513152201,1.8499999999999999,-0.9999005151311819,0.9999046991812081
donchian,5m,"{""n"": 50, ""stop_atr"": 2.5}",8522,58.30865724019546,0.1073943661971831,1.0278747529936267,0.06618681809836055,0.013535432613877244,0.39027197977246364,1.8499999999999999,-0.999900820594678,0.9999049917977801
donchian,5m,"{""n"": 100, ""stop_atr"": 1.5}",6128,62.51755679450534,0.11494252873563218,1.092461776184755,0.10554985380865965,0.06459455802562201,0.28856487094651506,1.8499999999999999,-0.9999010813043102,0.9999052415427082
donchian,5m,"{""n"": 100, ""stop_atr"": 2.5}",4997,64.775990701696,0.14263074484944532,1.0676227833706466,0.13401747408309617,0.06202728507544866,0.4601423364926484,1.8499999999999999,-0.9998992713265817,0.9999035076874841
squeeze,5m,"{""pct"": 10, ""tp_r"": 2.0}",6113,61.90162027436243,0.024875621890547265,1.002013112593176,0.0005032946361484486,0.0012257192050281712,0.3328366313796668,1.8499999999999999,-0.9998992837842792,0.999900186153573
squeeze,5m,"{""pct"": 10, ""tp_r"": 3.0}",5725,61.38833984091001,0.05518394648829431,1.011835328106087,0.007257478012487623,0.00572827047136091,0.33379647879672014,1.8499999999999999,-0.9998997853863666,0.9998997853863666
squeeze,5m,"{""pct"": 20, ""tp_r"": 2.0}",9106,60.56709114738612,0.03220338983050847,0.9928464614797292,0.004937058957830895,-0.0028848714208144725,0.34712227691651076,1.8499999999999999,-0.9998999314064335,0.9998999314064335
squeeze,5m,"{""pct"": 20, ""tp_r"": 3.0}",8345,60.361778974005155,0.0663265306122449,0.9977362541489927,0.006403823594883642,-0.00010325707454772878,0.3467275247721529,1.8499999999999999,-0.9999008983410531,0.9999008983410531
squeeze,5m,"{""pct"": 30, ""tp_r"": 2.0}",11427,58.92459376033837,0.029616724738675958,0.9908505379056342,0.004334208178410667,-0.004357207875435406,0.3606834723091117,1.8499999999999999,-0.9998991002452341,0.9998991002452341
squeeze,5m,"{""pct"": 30, ""tp_r"": 3.0}",10299,58.000688980124,0.05309734513274336,0.9941011032645524,0.010743814990313499,-0.002625005808856192,0.36055328548252125,1.8499999999999999,-0.9998991628111548,0.9998991628111548
regime_switch,5m,"{""adx_level"": 20, ""stop_atr"": 2.0}",24464,52.86788464559975,0.031067961165048542,0.9745951460960129,0.0168221325034844,-0.010603962556720043,0.2696654443322878,1.8499999999999999,-0.9999001474199599,0.9999001474199599
regime_switch,5m,"{""adx_level"": 20, ""stop_atr"": 3.0}",22886,55.43428681286188,0.03148148148148148,0.9778216233827828,0.02055616158033961,-0.013643828936368247,0.28199964987737347,1.8499999999999999,-0.9998999368371124,0.9998999368371124
regime_switch,5m,"{""adx_level"": 25, ""stop_atr"": 2.0}",27112,52.765228558909264,0.023346303501945526,0.9833590766672913,0.00911901827043135,-0.005683581045126564,0.2918521275980048,1.8499999999999999,-0.9998997207168272,0.9998997207168272
regime_switch,5m,"{""adx_level"": 25, ""stop_atr"": 3.0}",24675,54.30506985926654,0.024574669187145556,0.992142476382096,0.011460247616089459,-0.007716317415219662,0.30474134351906274,1.8499999999999999,-0.9999010592548697,0.9999010592548697
regime_switch,5m,"{""adx_level"": 30, ""stop_atr"": 2.0}",28719,53.175852905671206,0.017374517374517374,1.0036973933216355,0.002348130166635308,-0.0005700480499167827,0.31120916879318883,1.8499999999999999,-0.9999000386299696,0.9999000386299696
regime_switch,5m,"{""adx_level"": 30, ""stop_atr"": 3.0}",25609,55.2289746394809,0.022304832713754646,1.005640618876183,0.0031072613926169013,-0.0018110530575270014,0.32592386641077825,1.8499999999999999,-0.9999008179261908,0.9999008179261908
hybrid,5m,"{""ema_n"": 100, ""rsi_max"": 30, ""trail_atr"": 2.0}",121,12.421386489548679,0.0,1.0947839402785577,0.0,0.014638883318923839,0.2317257656644876,1.8499999999999999,-0.8955472787041272,0.8955472787041272
hybrid,5m,"{""ema_n"": 200, ""rsi_max"": 30, ""trail_atr"": 2.0}",1086,51.533355518623445,0.013944223107569721,1.1766093785646228,0.0033988248470596684,0.030875709198827036,0.22588708644264416,1.8499999999999999,-0.9998999956971983,0.9998999956971983
hybrid,5m,"{""ema_n"": 100, ""rsi_max"": 30, ""trail_atr"": 3.0}",121,12.421386489548679,0.04132231404958678,2.0280236778918153,0.02539254697851451,0.20187238411894215,0.26558746083549234,1.8499999999999999,-0.8751479795428413,0.8751487448119423
hybrid,5m,"{""ema_n"": 200, ""rsi_max"": 30, ""trail_atr"": 3.0}",1038,52.35460421214733,0.029411764705882353,1.2912230671244707,0.005059302136252844,0.06766330991367436,0.2773915377021874,1.8499999999999999,-0.9998993994225761,0.9998993994225761
hybrid,5m,"{""ema_n"": 100, ""rsi_max"": 40, ""trail_atr"": 2.0}",3842,51.32804334524248,0.02,1.164570633278044,0.00925407840709501,0.03843803453607807,0.22897412753288449,1.8499999999999999,-0.9998996140956952,0.9998996140956952
hybrid,5m,"{""ema_n"": 200, ""rsi_max"": 40, ""trail_atr"": 2.0}",9567,43.52618075676562,0.014150943396226415,0.4433323324932757,0.020782016854855617,0.029920461246094158,0.22555836585144412,1.8499999999999999,-0.9999999816796878,0.9999999816796878
hybrid,5m,"{""ema_n"": 100, ""rsi_max"": 40, ""trail_atr"": 3.0}",3500,52.45726029883781,0.043052837573385516,1.1745256121242196,0.012543358240036025,0.0555605402183462,0.2873259867125604,1.8499999999999999,-0.9999005539033438,0.9999005539033438
hybrid,5m,"{""ema_n"": 200, ""rsi_max"": 40, ""trail_atr"": 3.0}",8146,37.67478381540798,0.027247956403269755,0.46212450563072893,0.02058403433450282,0.041733660710995595,0.28522206205591416,1.8499999999999999,-0.9999999450396544,0.9999999450396544
bb_mr,15m,"{""k"": 1.5, ""stop_atr"": 2.0}",14926,58.71939619459725,0.06643356643356643,0.9897044349054538,0.031707807759793365,0.013502074501091978,0.6105123068751818,1.8499999999999999,-0.9998993929274995,0.9998993929274995
bb_mr,15m,"{""k"": 1.5, ""stop_atr"": 3.0}",12380,69.39565004816039,0.09023668639053255,0.9827322461852191,0.021314522401259903,0.012792569605162151,0.6110622117242216,1.8499999999999999,-0.9999005987786749,0.9999005987786749
bb_mr,15m,"{""k"": 2.0, ""stop_atr"": 2.0}",10622,61.69642851914851,0.1048252911813644,1.0039504675378834,0.031048903737139463,0.01962657183278409,0.663191862054064,1.8499999999999999,-0.999899650651875,0.9998997545856838
bb_mr,15m,"{""k"": 2.0, ""stop_atr"": 3.0}",8980,71.24346321512324,0.10662824207492795,0.9916895799429396,0.021337690792993035,0.017421640124694486,0.6881941545966015,1.8499999999999999,-0.9999010505187121,0.9999010505187121
bb_mr,15m,"{""k"": 2.5, ""stop_atr"": 2.0}",5849,59.95127163923915,0.11815068493150685,0.991835042718489,0.03445229908934477,0.025807174822863797,0.7165153680610951,1.8499999999999999,-0.9998994762979172,0.9998995790896124
bb_mr,15m,"{""k"": 2.5, ""stop_atr"": 3.0}",5214,76.99221529011878,0.15466666666666667,1.0139671648826263,0.027605913415669488,0.04237067170420256,0.7621163430300836,1.8499999999999999,-0.9998995118449832,0.9998995118449832
bb_rsi_ema,15m,"{""ema_n"": 100, ""k"": 1.5, ""rsi_max"": 30}",20,2.053125741069834,0.0,1.3480124838671215,0.0,0.12045090486700442,0.6362075555799843,1.8499999999999999,-0.29036609388970613,0.29063146055886846
bb_rsi_ema,15m,"{""ema_n"": 200, ""k"": 1.5, ""rsi_max"": 30}",294,30.18094839372656,0.07142857142857142,1.2943459592855808,0.022276514854344828,0.13736644030231568,0.7730069184430768,1.8499999999999999,-0.9907454597581641,0.9907454597581641
bb_rsi_ema,15m,"{""ema_n"": 100, ""k"": 1.5, ""rsi_max"": 40}",1111,61.901741093255495,0.04311774461028192,1.2757591970374904,0.015850097031562524,0.08412685700853746,0.6185832920424986,1.8499999999999999,-0.9999004264909173,0.9999008303421912
bb_rsi_ema,15m,"{""ema_n"": 200, ""k"": 1.5, ""rsi_max"": 40}",2585,58.1034584722763,0.044169611307420496,1.1760032529301243,0.013005727807795906,0.057394545332911925,0.5960663115835413,1.8499999999999999,-0.9999010996378912,0.9999010996378912
bb_rsi_ema,15m,"{""ema_n"": 100, ""k"": 2.0, ""rsi_max"": 30}",19,1.9504694540163423,0.0,1.476103194589158,0.0,0.14988184527439005,0.6731078445816289,1.8499999999999999,-0.2735664637798497,0.2738381126486745
bb_rsi_ema,15m,"{""ema_n"": 200, ""k"": 2.0, ""rsi_max"": 30}",270,27.71719750444276,0.07037037037037037,1.2346086407096342,0.02240111170511302,0.11838664827442151,0.7829607296078998,1.8499999999999999,-0.9872625671080849,0.9872625671080849
bb_rsi_ema,15m,"{""ema_n"": 100, ""k"": 2.0, ""rsi_max"": 40}",841,61.08049079682756,0.043697478991596636,1.2957621735616833,0.00828417707467685,0.09365355433322108,0.6359218037740515,1.8499999999999999,-0.9999003718345437,0.9999006499652784
bb_rsi_ema,15m,"{""ema_n"": 200, ""k"": 2.0, ""rsi_max"": 40}",2015,57.076895601741384,0.039568345323741004,1.210103482089852,0.0058697900373460565,0.06730618921502297,0.6187596164792027,1.8499999999999999,-0.9999012238108905,0.9999012238108905
bb_rsi_ema,15m,"{""ema_n"": 100, ""k"": 2.5, ""rsi_max"": 30}",13,1.3345317316953922,0.0,1.063601257556121,0.0,0.06180613148428361,0.7535600318173431,1.8499999999999999,-0.20413792725662694,0.20443553883569343
bb_rsi_ema,15m,"{""ema_n"": 200, ""k"": 2.5, ""rsi_max"": 30}",200,20.53125741069834,0.07,1.0633095313163643,0.022192089499592126,0.018845949991927402,0.7841589895499549,1.8499999999999999,-0.9648899804518427,0.9648899804518427
bb_rsi_ema,15m,"{""ema_n"": 100, ""k"": 2.5, ""rsi_max"": 40}",409,41.98642140487811,0.03178484107579462,1.2952471823560305,0.006989723946771481,0.09168647277077299,0.6418674711686386,1.8499999999999999,-0.9988433507668958,0.9988433507668958
bb_rsi_ema,15m,"{""ema_n"": 200, ""k"": 2.5, ""rsi_max"": 40}",1070,57.076895601741384,0.03776978417266187,1.2347784130698372,0.006737932549382622,0.06922608764997185,0.6469839953459363,1.8499999999999999,-0.9999007667011011,0.9999007667011011
ema_pullback,15m,"{""stop_atr"": 1.5, ""tp_r"": 1.5}",6005,56.66627045352742,0.06340579710144928,0.9997685435370857,0.007282194337265306,-0.0031150421520215166,0.6105460646170425,1.8499999999999999,-0.9999010609484484,0.9999010609484484
ema_pullback,15m,"{""stop_atr"": 1.5, ""tp_r"": 2.0}",5360,57.692833324062335,0.099644128113879,1.0198208008126917,0.012354439955427017,0.009392019046025633,0.6511548908798073,1.8499999999999999,-0.9998997323785198,0.9998997323785198
ema_pullback,15m,"{""stop_atr"": 1.5, ""tp_r"": 3.0}",4611,61.18314708388105,0.17953020134228187,1.0281908986827863,0.04988515944505646,0.017353504363378847,0.6492841134315782,1.8499999999999999,-0.9998998294130408,0.9998998294130408
ema_pullback,15m,"{""stop_atr"": 2.0, ""tp_r"": 1.5}",4650,64.57080455664628,0.1383147853736089,1.021013143947504,0.014378023586345936,0.014179756057464962,0.8239264387542456,1.8499999999999999,-0.9999013928561433,0.9999013928561433
ema_pullback,15m,"{""stop_atr"": 2.0, ""tp_r"": 2.0}",4131,69.70361890932087,0.22533136966126657,1.0341062483787873,0.04454951562345494,0.029001993468397325,0.865291102774406,1.8499999999999999,-0.9999011950469284,0.9999011950469284
ema_pullback,15m,"{""stop_atr"": 2.0, ""tp_r"": 3.0}",3575,72.16736979860467,0.2603129445234708,1.0470753246257474,0.12334121615124798,0.05704085356431445,0.8570132549160268,1.8499999999999999,-0.9998992390522371,0.9998992508665031
rsi_mr,15m,"{""setting"": [2, 5]}",3925,18.991413104895965,0.016216216216216217,0.29483042719792,0.002208436332716635,0.037949944854545496,0.25973187889583516,1.8499999999999999,-0.9999974819164904,0.9999974819164904
rsi_mr,15m,"{""setting"": [2, 10]}",8121,31.823448986582427,0.0064516129032258064,0.38732403270492816,0.0019307677063706162,0.027600390979997676,0.2416931754311163,1.8499999999999999,-0.9999997205521286,0.9999997205521286
rsi_mr,15m,"{""setting"": [2, 15]}",11796,44.65548486826889,0.004597701149425287,0.4614538940205098,0.001865843743989431,0.017972421980931925,0.229836132201699,1.8499999999999999,-0.9999999663889664,0.9999999663889664
rsi_mr,15m,"{""setting"": [14, 25]}",55,5.646095787942044,0.03636363636363636,1.106929764890994,0.002541707143325623,0.020264480513960712,0.4931745049939644,1.8499999999999999,-0.5870359409438911,0.5870359409438911
rsi_mr,15m,"{""setting"": [14, 30]}",299,30.69422982899402,0.020066889632107024,1.3118281360492146,0.002426728072131099,0.09638483905411402,0.4504068598164033,1.8499999999999999,-0.9894250288954097,0.9894506026813147
vwap_mr,15m,"{""k"": 1.0, ""trend"": true}",4055,58.41142733343678,0.029876977152899824,1.0491597805410482,0.0036149902231810294,0.02351267345647076,0.5563458130742608,1.8499999999999999,-0.9999013588763624,0.9999013588763624
vwap_mr,15m,"{""k"": 1.0, ""trend"": false}",13118,61.69642851914851,0.08652246256239601,0.9706661139527533,0.045018921215524706,-0.0027244499886670557,0.6624308288803018,1.8499999999999999,-0.9999007807349143,0.9999007807349143
vwap_mr,15m,"{""k"": 1.5, ""trend"": true}",2407,59.3353339169182,0.06228373702422145,1.1522371555271083,0.003327926115836878,0.0689183138353163,0.6390249428094421,1.8499999999999999,-0.9999002692774366,0.9999002692774366
vwap_mr,15m,"{""k"": 1.5, ""trend"": false}",9894,64.16017940843231,0.1232,0.9782802351371874,0.05131466764318739,0.009219310056971332,0.7383327517014976,1.8499999999999999,-0.9998991053563376,0.9998991053563376
vwap_mr,15m,"{""k"": 2.0, ""trend"": true}",1430,58.41142733343678,0.05272407732864675,1.274650570304465,0.006945452085509688,0.12293517525023925,0.67662131683049,1.8499999999999999,-0.9999009357914729,0.9999009357914729
vwap_mr,15m,"{""k"": 2.0, ""trend"": false}",7609,64.3654919825393,0.14035087719298245,0.9794402047024398,0.045634645317474555,0.015825180953053065,0.7937438720819314,1.8499999999999999,-0.9999002226833482,0.999900975311682
ema_cross,15m,"{""pair"": [10, 30], ""stop_atr"": 2.0}",6304,16.21969335445169,0.13291139240506328,0.49196294206340896,0.14723296471794203,0.06932243757197525,0.4975807772201707,1.8499999999999999,-0.9999957863137187,0.999996139045759
ema_cross,15m,"{""pair"": [10, 30], ""stop_atr"": 3.0}",6304,16.21969335445169,0.1518987341772152,0.5271069409658437,0.17279531823529987,0.0771651555529306,0.5208759537847605,1.8499999999999999,-0.999993681121929,0.9999942479521132
ema_cross,15m,"{""pair"": [20, 60], ""stop_atr"": 2.0}",3022,69.19033747405341,0.14688427299703263,1.2096841897172512,0.33210734842678097,0.15523407534255462,0.6206774143577475,1.8499999999999999,-0.9999004978168422,0.9999055940210415
ema_cross,15m,"{""pair"": [20, 60], ""stop_atr"": 3.0}",3022,83.97284280975622,0.16625916870415647,1.221298089845746,0.43524802643465466,0.1892670501792397,0.744792596305579,1.8499999999999999,-0.9998995446702985,0.999906996609199
ema_cross,15m,"{""pair"": [50, 150], ""stop_atr"": 2.0}",1125,74.93908954904894,0.12465753424657534,1.4880106574030032,0.5383601500046359,0.43096529895711055,0.7457375636341741,1.8499999999999999,-0.9998995457855742,0.9998997730356951
ema_cross,15m,"{""pair"": [50, 150], ""stop_atr"": 3.0}",1125,86.74456256020049,0.1467455621301775,1.4666423111287266,0.6155093942680901,0.4388119358373588,1.0527358152982396,1.8499999999999999,-0.9998998661841416,0.9999140005948326
donchian,15m,"{""n"": 20, ""stop_atr"": 1.5}",6094,19.710007114270407,0.08854166666666667,0.4377842605898355,0.06353977341645956,0.006859154140359863,0.46693812543715274,1.8499999999999999,-0.9999982340690993,0.9999983081652396
donchian,15m,"{""n"": 20, ""stop_atr"": 2.5}",5437,16.93828736382613,0.10909090909090909,0.44543273532011446,0.07911289185524653,-0.003884429571454315,0.606115717268425,1.8499999999999999,-0.9999962667652676,0.999996423406892
donchian,15m,"{""n"": 50, ""stop_atr"": 1.5}",3075,66.31596143655564,0.14705882352941177,1.1689483389229496,0.20633351090914318,0.14789353643166633,0.543494848426649,1.8499999999999999,-0.9999009548804535,0.9999054528459647
donchian,15m,"{""n"": 50, ""stop_atr"": 2.5}",2569,7.596565241958386,0.20270270270270271,0.40528870681326606,0.14062312920143577,0.1292333647561793,0.8230017156171325,1.8499999999999999,-0.999980936945637,0.9999817220980095
donchian,15m,"{""n"": 100, ""stop_atr"": 1.5}",1843,67.23986802003706,0.13282442748091602,1.2294251247026289,0.27657201414623983,0.21318011553023794,0.5864133978408104,1.8499999999999999,-0.9998994249679991,0.9999056894172241
donchian,15m,"{""n"": 100, ""stop_atr"": 2.5}",1517,80.17456018877702,0.1792573623559539,1.2089169121832586,0.4144227125926471,0.24195994447484376,0.9566267518726875,1.8499999999999999,-0.9999008591415478,0.9999036786955957
squeeze,15m,"{""pct"": 10, ""tp_r"": 2.0}",1967,6.467346084369977,0.1111111111111111,0.2112859344642547,0.014822190272266764,-0.020188231329493628,0.6443373066018925,1.8499999999999999,-0.999981169401301,0.9999814042305518
squeeze,15m,"{""pct"": 10, ""tp_r"": 3.0}",1828,6.05672093615601,0.13559322033898305,0.240335705429065,0.04366944537208292,-0.0023476975672984627,0.6520339493332921,1.8499999999999999,-0.9999793621031198,0.9999798926548256
squeeze,15m,"{""pct"": 20, ""tp_r"": 2.0}",2962,9.136409547760762,0.12359550561797752,0.30123172275259175,0.02001082110308994,-0.018616121552422208,0.6818288028833734,1.8499999999999999,-0.9999867291296917,0.9999868946256795
squeeze,15m,"{""pct"": 20, ""tp_r"": 3.0}",2706,8.007190390172353,0.16666666666666666,0.31022008904193327,0.05988487609045511,0.009167556057401001,0.6828192447411867,1.8499999999999999,-0.9999844479564859,0.9999847803687564
squeeze,15m,"{""pct"": 30, ""tp_r"": 2.0}",3808,11.497504149991071,0.14285714285714285,0.3907589071271869,0.0344569993711295,-0.02076225177561701,0.7069237003842808,1.8499999999999999,-0.9999896127141845,0.9999897422500843
squeeze,15m,"{""pct"": 30, ""tp_r"": 3.0}",3431,10.26562870534917,0.18,0.398903759671882,0.07661764991899729,0.00039131159771389344,0.7068118972162277,1.8499999999999999,-0.9999880407689805,0.9999882963878085
regime_switch,15m,"{""adx_level"": 20, ""stop_atr"": 2.0}",7736,57.076895601741384,0.07553956834532374,1.0368230195232466,0.059710056115684945,-0.00024512258038318163,0.5263464651383484,1.8499999999999999,-0.9999018363881182,0.9999047132224952
regime_switch,15m,"{""adx_level"": 20, ""stop_atr"": 3.0}",7238,70.01158777048134,0.08944281524926687,1.0449709818316484,0.06805544410983252,-0.0010120600704123617,0.5521408440558863,1.8499999999999999,-0.9999010466140271,0.9999039465939384
regime_switch,15m,"{""adx_level"": 25, ""stop_atr"": 2.0}",8754,57.28220817584837,0.06451612903225806,1.0327861833899383,0.049632380962264556,-0.0032203752590430523,0.5628456432182171,1.8499999999999999,-0.9998991054817096,0.9999017267764623
regime_switch,15m,"{""adx_level"": 25, ""stop_atr"": 3.0}",7954,67.54783688119754,0.06838905775075987,1.0529554198343416,0.06588696266702768,-0.00018717568179965098,0.5875634745013127,1.8499999999999999,-0.999899648353379,0.9999023392619807
regime_switch,15m,"{""adx_level"": 30, ""stop_atr"": 2.0}",9422,57.179551888794876,0.06283662477558348,1.0179537481367762,0.042911780753206404,-0.0070918407659445425,0.5912242488428574,1.8499999999999999,-0.9998998640089733,0.9999009624530941
regime_switch,15m,"{""adx_level"": 30, ""stop_atr"": 3.0}",8339,66.62393029771611,0.061633281972265024,1.031975648537661,0.05369325892975125,-0.010412168300786192,0.6187380337684393,1.8499999999999999,-0.999899103199205,0.9999002099890465
hybrid,15m,"{""ema_n"": 100, ""rsi_max"": 30, ""trail_atr"": 2.0}",23,2.361094602230309,0.043478260869565216,0.8146701261783826,0.018533485841648843,-0.05099506903799571,0.37082191245587975,1.8499999999999999,-0.35232985336421485,0.35421753731912553
hybrid,15m,"{""ema_n"": 200, ""rsi_max"": 30, ""trail_atr"": 2.0}",306,31.41282383836846,0.08169934640522876,1.2832755979610415,0.05156680531805911,0.10897614535284815,0.48941438351619004,1.8499999999999999,-0.993219310288274,0.993219310288274
hybrid,15m,"{""ema_n"": 100, ""rsi_max"": 30, ""trail_atr"": 3.0}",21,2.1557820281233258,0.047619047619047616,0.8199270767225121,0.006626716780792858,-0.078501916552591,0.5078410866983449,1.8499999999999999,-0.32820794328542435,0.33016593238386216
hybrid,15m,"{""ema_n"": 200, ""rsi_max"": 30, ""trail_atr"": 3.0}",297,30.488917254887035,0.08417508417508418,1.257199412095178,0.0673515521126411,0.09265773434694191,0.6750666674355701,1.8499999999999999,-0.9918604718367051,0.9918604718367051
hybrid,15m,"{""ema_n"": 100, ""rsi_max"": 40, ""trail_atr"": 2.0}",1253,61.18314708388105,0.07550335570469799,1.2913241044017096,0.07215763308150318,0.09560809226293188,0.44395565010758437,1.8499999999999999,-0.9999005348723677,0.9999015800791083
hybrid,15m,"{""ema_n"": 200, ""rsi_max"": 40, ""trail_atr"": 2.0}",3045,61.18314708388105,0.07550335570469799,1.2190499921013456,0.02698515942470329,0.07766307425662593,0.45174694339613597,1.8499999999999999,-0.9999001883598143,0.9999002229869419
hybrid,15m,"{""ema_n"": 100, ""rsi_max"": 40, ""trail_atr"": 3.0}",1141,64.2628356954858,0.12300319488817892,1.307127335712164,0.14975074377022285,0.145429216483961,0.596291676213801,1.8499999999999999,-0.9999004903323052,0.9999019059819891
hybrid,15m,"{""ema_n"": 200, ""rsi_max"": 40, ""trail_atr"": 3.0}",2596,62.92830396379041,0.10929853181076672,1.2782173381311839,0.04554828322078415,0.11060862817122981,0.5958911976547917,1.8499999999999999,-0.99989952133205,0.9998999261800344
bb_mr,30m,"{""k"": 1.5, ""stop_atr"": 2.0}",7314,77.30041046239965,0.17131474103585656,0.9812907341712148,0.03224808609086897,0.013199125321314915,0.8802044084932702,1.8499999999999999,-0.9998998858864155,0.9999004026860693
bb_mr,30m,"{""k"": 1.5, ""stop_atr"": 3.0}",6095,98.34501092029066,0.1732776617954071,0.9623547268557775,0.032581391729682906,0.007760825203528497,0.8778461896955785,1.8499999999999999,-0.9999008318457832,0.9999011737117066
bb_mr,30m,"{""k"": 2.0, ""stop_atr"": 2.0}",5292,79.14822903919008,0.19844357976653695,0.9996463780458378,0.04192322759896672,0.022862928086840817,0.9419182479777133,1.8499999999999999,-0.9999009059977334,0.9999014175314644
bb_mr,30m,"{""k"": 2.0, ""stop_atr"": 3.0}",4493,88.4899785107417,0.16241299303944315,0.9975733475414817,0.0487815200691315,0.03654550470014082,0.9746806589340833,1.8499999999999999,-0.9999004658797489,0.9999008090072802
bb_mr,30m,"{""k"": 2.5, ""stop_atr"": 2.0}",3000,67.4453780528507,0.1400304414003044,0.9927380937876992,0.06347493747358432,0.024665999335960007,0.9940474622160266,1.8499999999999999,-0.9999000450685065,0.9999005610464453
bb_mr,30m,"{""k"": 2.5, ""stop_atr"": 3.0}",2698,84.07574524396456,0.1343101343101343,0.988202731646883,0.06720587864158728,0.027228230239736632,1.0722536884485916,1.8499999999999999,-0.9998994219174651,0.9998997686438849
bb_rsi_ema,30m,"{""ema_n"": 100, ""k"": 1.5, ""rsi_max"": 30}",10,1.0265658759946832,0.0,1.3916915386573678,0.0,0.06033787104557944,0.6925783822302246,1.8499999999999999,-0.1517572924589995,0.1517572924589995
bb_rsi_ema,30m,"{""ema_n"": 200, ""k"": 1.5, ""rsi_max"": 30}",145,14.885205201922908,0.06896551724137931,0.9522889922637374,0.04214648586069895,0.02405179574562207,1.0586316194860275,1.8499999999999999,-0.8911833048522867,0.8911833048522867
bb_rsi_ema,30m,"{""ema_n"": 100, ""k"": 1.5, ""rsi_max"": 40}",610,62.620518435675685,0.06885245901639345,1.4552114077758587,0.027196806184748606,0.19422481063158786,0.8549904811152494,1.8499999999999999,-0.9997899701184781,0.9997905056124184
bb_rsi_ema,30m,"{""ema_n"": 200, ""k"": 1.5, ""rsi_max"": 40}",1314,69.08788345444219,0.09212481426448738,1.125745387412944,0.022970006726813905,0.06356938648132873,0.8738864637744939,1.8499999999999999,-0.9999003519207362,0.9999006059843114
bb_rsi_ema,30m,"{""ema_n"": 100, ""k"": 2.0, ""rsi_max"": 30}",10,1.0265658759946832,0.0,1.3916915386573678,0.0,0.06033787104557944,0.6925783822302246,1.8499999999999999,-0.1517572924589995,0.1517572924589995
bb_rsi_ema,30m,"{""ema_n"": 200, ""k"": 2.0, ""rsi_max"": 30}",138,14.166609088726629,0.07246376811594203,0.9656231800208441,0.04327586279791397,0.04077310266729241,1.0596494016747413,1.8499999999999999,-0.8774756205805919,0.8774756205805919
bb_rsi_ema,30m,"{""ema_n"": 100, ""k"": 2.0, ""rsi_max"": 40}",476,48.86453569734692,0.07142857142857142,1.4373286238046066,0.0304087469288309,0.18128730685889166,0.8892095611967368,1.8499999999999999,-0.998771846624944,0.9987749779350475
bb_rsi_ema,30m,"{""ema_n"": 200, ""k"": 2.0, ""rsi_max"": 40}",1052,69.39585321724059,0.09763313609467456,1.1487063626611764,0.027988288750365874,0.07237466368871041,0.8944314591788725,1.8499999999999999,-0.9999001793457033,0.9999004338492773
bb_rsi_ema,30m,"{""ema_n"": 100, ""k"": 2.5, ""rsi_max"": 30}",9,0.9239092883952149,0.0,1.823425049661148,0.0,0.14136915799589422,0.7162130529531957,1.8499999999999999,-0.12966390388809035,0.12966390388809035
bb_rsi_ema,30m,"{""ema_n"": 200, ""k"": 2.5, ""rsi_max"": 30}",106,10.881598285543642,0.08490566037735849,1.0523002009393494,0.03886367559870729,0.1063668921129732,1.0754139786583419,1.8499999999999999,-0.7910268263854887,0.7910268263854887
bb_rsi_ema,30m,"{""ema_n"": 100, ""k"": 2.5, ""rsi_max"": 40}",253,25.97211666266549,0.05533596837944664,1.4267454331995093,0.026857341642997412,0.22802089680351847,0.9071900432072035,1.8499999999999999,-0.9738148209696332,0.9738148209696332
bb_rsi_ema,30m,"{""ema_n"": 200, ""k"": 2.5, ""rsi_max"": 40}",592,60.772699858885254,0.06756756756756757,1.1775301982289974,0.036201218914458794,0.1262519695395038,0.937272631374322,1.8499999999999999,-0.9998476559138681,0.9998476559138681
ema_pullback,30m,"{""stop_atr"": 1.5, ""tp_r"": 1.5}",2972,66.41881217685601,0.16383307573415765,1.0326094009992048,0.02107626428114371,0.021946274964244762,0.9093312110042853,1.8499999999999999,-0.9998992355635636,0.9998992355635636
ema_pullback,30m,"{""stop_atr"": 1.5, ""tp_r"": 2.0}",2660,68.36928734124591,0.2057057057057057,1.0557412622048186,0.06388272967273935,0.04684556680169359,0.9694047300772415,1.8499999999999999,-0.9998995195696102,0.9998995195696102
ema_pullback,30m,"{""stop_atr"": 1.5, ""tp_r"": 3.0}",2231,70.0117927428374,0.2565982404692082,1.0694704939290662,0.17724084493296532,0.08049954547634121,0.9649492391156163,1.8499999999999999,-0.9999017380485568,0.9999017380485568
ema_pullback,30m,"{""stop_atr"": 2.0, ""tp_r"": 1.5}",2333,78.32697633839433,0.2621231979030144,1.050802233762295,0.08658930560187822,0.04727878305584118,1.227245394933478,1.8499999999999999,-0.99990161509765,0.99990161509765
ema_pullback,30m,"{""stop_atr"": 2.0, ""tp_r"": 2.0}",2027,78.22431975079486,0.2979002624671916,1.0642115959629634,0.18010422007001597,0.07850532170160544,1.3028165029406982,1.8499999999999999,-0.9999006641938509,0.9999006641938509
ema_pullback,30m,"{""stop_atr"": 2.0, ""tp_r"": 3.0}",1757,78.1216631631954,0.278580814717477,1.089367635882062,0.32167155617390336,0.10871482017285553,1.2688191269334115,1.8499999999999999,-0.9999006968172861,0.9999006968172861
rsi_mr,30m,"{""setting"": [2, 5]}",1877,74.63133918481347,0.017881705639614855,1.2167248143862888,0.003051629525322551,0.05010069459927835,0.38574535289492334,1.8499999999999999,-0.9998995744006722,0.9998997793419337
rsi_mr,30m,"{""setting"": [2, 10]}",3970,79.35354221438902,0.031047865459249677,1.207234273138354,0.0008317315075024238,0.0656358580511174,0.35729033603358595,1.8499999999999999,-0.9998991428508184,0.9998993486727554
rsi_mr,30m,"{""setting"": [2, 15]}",5853,73.60477330881879,0.026499302649930265,1.1637231122512623,0.00044529388600561965,0.0538691135107668,0.33643627838485785,1.8499999999999999,-0.9999002762727144,0.9999004797816464
rsi_mr,30m,"{""setting"": [14, 25]}",25,2.566414689986708,0.04,0.9748184493389264,0.014171447950756262,0.0943797818668,0.8019355009748547,1.8499999999999999,-0.27942513926647516,0.27942513926647516
rsi_mr,30m,"{""setting"": [14, 30]}",149,15.29583155232078,0.040268456375838924,1.001650216162849,0.01375087462237376,0.096285360894057,0.6153696404871799,1.8499999999999999,-0.8570644408993255,0.8570644408993255
vwap_mr,30m,"{""k"": 1.0, ""trend"": true}",2325,67.03475170245282,0.0781010719754977,1.0604944503331577,0.009773430010767567,0.048295265525106414,0.8046441879303028,1.8499999999999999,-0.9998991233923362,0.9998993805881776
vwap_mr,30m,"{""k"": 1.0, ""trend"": false}",7010,79.04557245159062,0.15064935064935064,0.9657337105424302,0.03363170262559756,0.010199958269110108,0.8820109214334719,1.8499999999999999,-0.9998996473784171,0.9998998080981455
vwap_mr,30m,"{""k"": 1.5, ""trend"": true}",1270,69.19054004204166,0.08605341246290801,1.1519059363309518,0.016555046838327755,0.0832091243743865,0.8892095611967368,1.8499999999999999,-0.9999004280200321,0.9999006818895839
vwap_mr,30m,"{""k"": 1.5, ""trend"": false}",4827,80.27745150278423,0.1956521739130435,0.9604633659998707,0.03055636429590602,0.007316565995134638,0.9720209944948448,1.8499999999999999,-0.9999000458255716,0.9999003006695696
vwap_mr,30m,"{""k"": 2.0, ""trend"": true}",638,64.98161995046345,0.07582938388625593,1.2097076448336825,0.027889128101938186,0.13018398025999087,0.9639834940675548,1.8499999999999999,-0.999900487260827,0.999900787244006
vwap_mr,30m,"{""k"": 2.0, ""trend"": false}",3314,73.39946013361985,0.16923076923076924,0.9776892247364386,0.04494503167037411,0.03172316808003573,1.0435795880019096,1.8499999999999999,-0.9999012974451879,0.9999012974451879
ema_cross,30m,"{""pair"": [10, 30], ""stop_atr"": 2.0}",3007,83.35714913076828,0.15886699507389163,1.2268047206989539,0.42228196255733885,0.18177786712537963,0.751399104289942,1.8499999999999999,-0.999900232406565,0.9999074793200811
ema_cross,30m,"{""pair"": [10, 30], ""stop_atr"": 3.0}",3007,77.19775387480018,0.17287234042553193,1.228157295144223,0.21913760834307805,0.15751538200889534,0.7829156675343079,1.8499999999999999,-0.9998999362404887,0.9999050031976527
ema_cross,30m,"{""pair"": [20, 60], ""stop_atr"": 2.0}",1432,86.02622040835446,0.162291169451074,1.3183843066648862,0.5011440183906449,0.3532589427352294,0.9365073826709973,1.8499999999999999,-0.9998999823075774,0.9999017036947787
ema_cross,30m,"{""pair"": [20, 60], ""stop_atr"": 3.0}",1432,3.490323978381923,0.2647058823529412,0.3160342342426268,0.18964484484387648,0.331815562796293,1.125804925838049,1.8499999999999999,-0.9999574465828196,0.9999579376530622
ema_cross,30m,"{""pair"": [50, 150], ""stop_atr"": 2.0}",562,57.6930022309012,0.13167259786476868,1.2970394180334495,0.7630035447384219,0.5629438074151313,1.0918717601985966,1.8499999999999999,-0.9984353338568255,0.999170989734343
ema_cross,30m,"{""pair"": [50, 150], ""stop_atr"": 3.0}",562,57.6930022309012,0.1797153024911032,1.5033313049087933,0.8672404018030709,0.9776080767436066,1.5458083437953842,1.8499999999999999,-0.9720584511770669,0.9915873000882178
donchian,30m,"{""n"": 20, ""stop_atr"": 1.5}",2841,9.033779708753213,0.17045454545454544,0.4107849121654671,0.1415949300007557,0.09068095910435284,0.7319921445911565,1.8499999999999999,-0.9999860508286345,0.9999868026878975
donchian,30m,"{""n"": 20, ""stop_atr"": 2.5}",2547,7.391274307161719,0.2222222222222222,0.40468526170702324,0.17092128107039514,0.08506975732349026,0.9907823508027991,1.8499999999999999,-0.9999761733581177,0.9999780560629455
donchian,30m,"{""n"": 50, ""stop_atr"": 1.5}",1465,78.4296329259938,0.15706806282722513,1.228272824099113,0.4678446923555378,0.280197342610889,0.7989486278750463,1.8499999999999999,-0.9999011027433404,0.9999060082060423
donchian,30m,"{""n"": 50, ""stop_atr"": 2.5}",1229,99.88485973428268,0.19218910585817062,1.2984035534759883,0.6487241201785285,0.3222901642073526,1.2557617469241462,1.8499999999999999,-0.9999015402197067,0.9999254228619177
donchian,30m,"{""n"": 100, ""stop_atr"": 1.5}",879,79.66151197718743,0.13530927835051546,1.4061347414367544,0.6398858816261849,0.495706190794721,0.8320595123812176,1.8499999999999999,-0.9998994850678364,0.9999165588353718
donchian,30m,"{""n"": 100, ""stop_atr"": 2.5}",721,74.01539965921667,0.1664355062413315,1.433587059744208,0.7621447561751068,0.5880839164134793,1.385494672402658,1.8499999999999999,-0.9980309810781582,0.999016736665313
squeeze,30m,"{""pct"": 10, ""tp_r"": 2.0}",966,64.1603672496677,0.248,1.0388661345168018,0.12280510199196645,0.041045547144104806,0.9754007194928367,1.8499999999999999,-0.99989939774895,0.99989939774895
squeeze,30m,"{""pct"": 10, ""tp_r"": 3.0}",896,63.23645796127249,0.24512987012987014,1.0660886370652094,0.24384969683800567,0.05587327828224202,0.970281866908574,1.8499999999999999,-0.9998997702579071,0.999900723985462
squeeze,30m,"{""pct"": 20, ""tp_r"": 2.0}",1510,65.18693312566239,0.247244094488189,1.0438890694359007,0.14253875836066796,0.043609630190454676,1.0247517449491872,1.8499999999999999,-0.9999000564567427,0.9999000564567427
squeeze,30m,"{""pct"": 20, ""tp_r"": 3.0}",1373,68.98522686684272,0.27380952380952384,1.0585231607213943,0.282436007629451,0.07439979930973835,1.0263738912361862,1.8499999999999999,-0.9999016938899103,0.9999016938899103
squeeze,30m,"{""pct"": 30, ""tp_r"": 2.0}",1942,66.1108424140576,0.25,1.0382481045128167,0.1359383032313303,0.0421887139873027,1.0730031030635874,1.8499999999999999,-0.9999011459998839,0.9999011459998839
squeeze,30m,"{""pct"": 30, ""tp_r"": 3.0}",1746,66.93209511485335,0.25766871165644173,1.0544126598319064,0.28136055171642804,0.07592697277823458,1.0726607523596676,1.8499999999999999,-0.9999000774145645,0.9999001220696657
regime_switch,30m,"{""adx_level"": 20, ""stop_atr"": 2.0}",3775,9.75237582194949,0.11578947368421053,0.32642333211577484,0.10574275235079797,0.02902510475166372,0.7831011820766414,1.8499999999999999,-0.9999876835968015,0.9999880783015188
regime_switch,30m,"{""adx_level"": 20, ""stop_atr"": 3.0}",3536,9.341749471551617,0.13186813186813187,0.28989415111486627,0.09561696426056059,0.025937985684686405,0.8187616579840036,1.8499999999999999,-0.9999837627667776,0.9999842008700179
regime_switch,30m,"{""adx_level"": 25, ""stop_atr"": 2.0}",4210,9.13643629635268,0.16853932584269662,0.4095040415251732,0.11206420841882604,0.02064800248028587,0.8206564685530681,1.8499999999999999,-0.9999820657443922,0.9999830219201153
regime_switch,30m,"{""adx_level"": 25, ""stop_atr"": 3.0}",3841,8.62315335835534,0.16666666666666666,0.36820904008771416,0.1061836562851185,0.020081545892965243,0.8505242025856632,1.8499999999999999,-0.9999766087919555,0.9999775137600695
regime_switch,30m,"{""adx_level"": 30, ""stop_atr"": 2.0}",4611,72.37289425762518,0.14042553191489363,1.042242274701977,0.09018396985488925,0.009139441096493235,0.8475582401306282,1.8499999999999999,-0.9998992042123135,0.9998992690955314
regime_switch,30m,"{""adx_level"": 30, ""stop_atr"": 3.0}",4124,84.17840183156403,0.11829268292682926,1.0403471302985183,0.10209699521753184,-0.00710580584440669,0.8831788169083832,1.8499999999999999,-0.9998997745814199,0.9999008359504611
hybrid,30m,"{""ema_n"": 100, ""rsi_max"": 30, ""trail_atr"": 2.0}",10,1.0265658759946832,0.0,1.8870981629314745,0.0,0.14633166475058237,0.49101600602642365,1.8499999999999999,-0.14858345333157508,0.14858345333157508
hybrid,30m,"{""ema_n"": 200, ""rsi_max"": 30, ""trail_atr"": 2.0}",149,15.29583155232078,0.1342281879194631,1.1700341656722766,0.06997071450363376,0.07981877403965558,0.7864335403691681,1.8499999999999999,-0.8861314047068516,0.8861314047068516
hybrid,30m,"{""ema_n"": 100, ""rsi_max"": 30, ""trail_atr"": 3.0}",10,1.0265658759946832,0.2,3.308749455876838,0.23236752118151038,0.6123405540319392,0.6872965712981319,1.8499999999999999,-0.10959498891439601,0.10959498891439601
hybrid,30m,"{""ema_n"": 200, ""rsi_max"": 30, ""trail_atr"": 3.0}",147,15.090518377121844,0.1564625850340136,1.3029604158968382,0.20273737588967025,0.19063487114442218,1.0569353659848126,1.8499999999999999,-0.8675094175491187,0.8675094175491187
hybrid,30m,"{""ema_n"": 100, ""rsi_max"": 40, ""trail_atr"": 2.0}",669,68.36928734124591,0.08558558558558559,1.5122206808960812,0.09588928392347759,0.18220196899243638,0.6735628028613592,1.8499999999999999,-0.9999006328102009,0.999900886157618
hybrid,30m,"{""ema_n"": 200, ""rsi_max"": 40, ""trail_atr"": 2.0}",1522,69.80647956763846,0.10588235294117647,1.2202470761331765,0.04700919567800805,0.10802978172366698,0.6995258487024558,1.8499999999999999,-0.9999001991781872,0.9999004536311961
hybrid,30m,"{""ema_n"": 100, ""rsi_max"": 40, ""trail_atr"": 3.0}",606,62.20989208527781,0.13861386138613863,1.499580356183684,0.279260446106564,0.2793151924450878,0.8744000410925646,1.8499999999999999,-0.9996598912011255,0.99966075834536
hybrid,30m,"{""ema_n"": 200, ""rsi_max"": 40, ""trail_atr"": 3.0}",1301,79.25088562678955,0.16321243523316062,1.2465934504667233,0.2794168198533612,0.1873028808341677,0.8801189953333168,1.8499999999999999,-0.9999008385998127,0.9999010914225469
bb_mr,1h,"{""k"": 1.5, ""stop_atr"": 2.0}",3644,83.66560878781137,0.18650306748466258,0.8649585841804777,0.08147384962788001,-0.06932718933512691,1.2960923792347085,1.8499999999999999,-0.9999018906907358,0.9999021619583247
bb_mr,1h,"{""k"": 1.5, ""stop_atr"": 3.0}",2976,105.53158998020868,0.17217898832684825,0.8793792694990358,0.09669899870104312,-0.030793950966390527,1.2836371590964653,1.8499999999999999,-0.9999002646495002,0.9999004486614389
bb_mr,1h,"{""k"": 2.0, ""stop_atr"": 2.0}",2619,79.66197842864001,0.1791237113402062,0.8286501284962546,0.10186071959310461,-0.1000282119587851,1.3527139906776207,1.8499999999999999,-0.9998992356722808,0.9998992356722808
bb_mr,1h,"{""k"": 2.0, ""stop_atr"": 3.0}",2220,107.8927053202328,0.17982873453853473,0.854364536988349,0.10372329287269783,-0.05623309062569769,1.4058821581454763,1.8499999999999999,-0.9999002264563129,0.9999005183845108
bb_mr,1h,"{""k"": 2.5, ""stop_atr"": 2.0}",1511,79.66197842864001,0.17268041237113402,0.8230580730956539,0.10788358130154921,-0.11077027629184581,1.3763147070765567,1.8499999999999999,-0.9998995777041939,0.9998995777041939
bb_mr,1h,"{""k"": 2.5, ""stop_atr"": 3.0}",1346,101.93858837582415,0.162134944612286,0.8245360348251343,0.10300949952539958,-0.07775521093675407,1.4660393644029606,1.8499999999999999,-0.9998999168629563,0.9999002096969958
bb_rsi_ema,1h,"{""ema_n"": 100, ""k"": 1.5, ""rsi_max"": 30}",6,0.6159431321802064,0.3333333333333333,1.7659400430000847,0.2829136417595382,0.45770646863969217,2.6159595085435905,1.8499999999999999,-0.03715663730931407,0.03841134241118205
bb_rsi_ema,1h,"{""ema_n"": 200, ""k"": 1.5, ""rsi_max"": 30}",93,9.547118548793199,0.1827956989247312,0.9451756418439379,0.08203685170805466,-0.09884203289580516,1.5539105583765194,1.8499999999999999,-0.672927587351208,0.6744606964493502
bb_rsi_ema,1h,"{""ema_n"": 100, ""k"": 1.5, ""rsi_max"": 40}",312,32.02904287337073,0.16025641025641027,1.181511812690833,0.05803507597547684,0.11929775061482142,1.281544935690733,1.8499999999999999,-0.9746512973528688,0.9748361617216695
bb_rsi_ema,1h,"{""ema_n"": 200, ""k"": 1.5, ""rsi_max"": 40}",637,65.39262919979858,0.14599686028257458,1.0117036192597497,0.08546919103737553,0.0578077890196239,1.2748472511943907,1.8499999999999999,-0.9996369860808577,0.9996396334881023
bb_rsi_ema,1h,"{""ema_n"": 100, ""k"": 2.0, ""rsi_max"": 30}",6,0.6159431321802064,0.3333333333333333,1.7659400430000847,0.2829136417595382,0.45770646863969217,2.6159595085435905,1.8499999999999999,-0.03715663730931407,0.03841134241118205
bb_rsi_ema,1h,"{""ema_n"": 200, ""k"": 2.0, ""rsi_max"": 30}",90,9.239146982703096,0.18888888888888888,1.0179714523159624,0.08516129995352761,-0.03828875040064086,1.6002755790995915,1.8499999999999999,-0.6482539539384444,0.6499027174617429
bb_rsi_ema,1h,"{""ema_n"": 100, ""k"": 2.0, ""rsi_max"": 40}",254,26.074925928962067,0.15748031496062992,1.1613200086006255,0.05675253458182472,0.08114274302522968,1.305451552547177,1.8499999999999999,-0.9499386291553561,0.9503037193870465
bb_rsi_ema,1h,"{""ema_n"": 200, ""k"": 2.0, ""rsi_max"": 40}",514,52.76579499010434,0.14007782101167315,0.9374827584971053,0.07979354130188551,-0.014713271749703636,1.300831867450519,1.8499999999999999,-0.9986224008145141,0.9986324474432284
bb_rsi_ema,1h,"{""ema_n"": 100, ""k"": 2.5, ""rsi_max"": 30}",5,0.5132859434835053,0.2,1.2020989299155334,0.20502020426884807,-0.03968228466738438,2.4224506455353594,1.8499999999999999,-0.041112526531784765,0.042362076616147104
bb_rsi_ema,1h,"{""ema_n"": 200, ""k"": 2.5, ""rsi_max"": 30}",66,6.77537445398227,0.19696969696969696,0.9907853226029198,0.08705623950193844,0.0413516364375396,1.6357622568983585,1.8499999999999999,-0.5425293768986647,0.5446737105302588
bb_rsi_ema,1h,"{""ema_n"": 100, ""k"": 2.5, ""rsi_max"": 40}",134,13.756063285357941,0.17164179104477612,1.0860989530751561,0.0468987392935739,0.053192079393352826,1.348912938949006,1.8499999999999999,-0.8013630673218642,0.8024571007156588
bb_rsi_ema,1h,"{""ema_n"": 200, ""k"": 2.5, ""rsi_max"": 40}",302,31.00247098640372,0.1456953642384106,0.8990492991161855,0.06844054266766267,-0.05804721276268669,1.3560933020805361,1.8499999999999999,-0.9801660017793519,0.9802752415672066
ema_pullback,1h,"{""stop_atr"": 1.5, ""tp_r"": 1.5}",1481,76.47960557904229,0.29395973154362415,1.0016950128690136,0.12491561168513457,-0.02582232818369507,1.282057590925124,1.8499999999999999,-0.9998997742484623,0.9998997742484623
ema_pullback,1h,"{""stop_atr"": 1.5, ""tp_r"": 2.0}",1305,74.83709055989507,0.30315500685871055,1.0069120901422874,0.22268004554879797,-0.023091189253557985,1.3595588587038734,1.8499999999999999,-0.9999008765934602,0.9999008765934602
ema_pullback,1h,"{""stop_atr"": 1.5, ""tp_r"": 3.0}",1123,74.42646180510826,0.25655172413793104,1.0372398289321818,0.3686700363986224,0.017727513818486095,1.352814951315031,1.8499999999999999,-0.999899267440343,0.9998994327728503
ema_pullback,1h,"{""stop_atr"": 2.0, ""tp_r"": 1.5}",1150,89.51706854352332,0.3532110091743119,1.026208863461357,0.27456201944090325,0.009857156132690469,1.7323285739933654,1.8499999999999999,-0.9998993147346898,0.9998993147346898
ema_pullback,1h,"{""stop_atr"": 2.0, ""tp_r"": 2.0}",1025,90.03035448700683,0.32839224629418473,1.0558483085152435,0.3957561327887379,0.06752395195811059,1.8258273479532845,1.8499999999999999,-0.999899943421548,0.999899943421548
ema_pullback,1h,"{""stop_atr"": 2.0, ""tp_r"": 3.0}",891,87.0532960148025,0.27240566037735847,1.0709152735442575,0.5124615988322678,0.10744060571522163,1.812576652348636,1.8499999999999999,-0.999900738139033,0.9999010304622528
rsi_mr,1h,"{""setting"": [2, 5]}",934,91.26224075136724,0.05511811023622047,1.2297885692502284,0.02178669960198917,0.10466139056327142,0.5539035305087805,1.8499999999999999,-0.9998969000062867,0.9998970715672434
rsi_mr,1h,"{""setting"": [2, 10]}",1963,103.06781745148785,0.049800796812749,1.233951244954482,0.010673490525096977,0.11337807745514536,0.485325041656465,1.8499999999999999,-0.999899435553668,0.9998996028954107
rsi_mr,1h,"{""setting"": [2, 15]}",2834,97.3190148844726,0.04219409282700422,1.1687017004055122,0.006560764914264708,0.0759599678721538,0.4685844538512382,1.8499999999999999,-0.9999000168821675,0.9999003352178336
rsi_mr,1h,"{""setting"": [14, 25]}",10,1.0265718869670106,0.1,77.12007649921809,0.009189494887336995,0.6395402917227138,0.37756386808898873,1.8499999999999999,-0.08690970882987803,0.08690970882987803
rsi_mr,1h,"{""setting"": [14, 30]}",96,9.855090114883302,0.07291666666666667,1.2678342631050143,0.01767120649589266,0.11446000776400686,0.8585442664139618,1.8499999999999999,-0.5805562391183653,0.5805562391183653
vwap_mr,1h,"{""k"": 1.0, ""trend"": true}",1190,85.92406693913878,0.11708482676224612,1.0597977953959044,0.034294410889261676,0.05551355445295029,1.0495135094224706,1.8499999999999999,-0.9998999985996146,0.9999005331977979
vwap_mr,1h,"{""k"": 1.0, ""trend"": false}",3521,87.7718963356794,0.1649122807017544,0.9279359371090607,0.0554727891276094,-0.013803602555867371,1.1317015016755294,1.8499999999999999,-0.9998998993672722,0.9999000361699218
vwap_mr,1h,"{""k"": 1.5, ""trend"": true}",555,56.974739726669085,0.10270270270270271,1.0198382592227797,0.044326295697309524,0.011890754793433052,1.1482049267962249,1.8499999999999999,-0.9987333894991679,0.9987426267036912
vwap_mr,1h,"{""k"": 1.5, ""trend"": false}",2093,84.17889473129486,0.16097560975609757,0.8951277261491487,0.0857470102523356,-0.0327603617985309,1.2210223672236966,1.8499999999999999,-0.9999004853656438,0.99990076051889
vwap_mr,1h,"{""k"": 2.0, ""trend"": true}",204,20.942066494127015,0.12254901960784313,0.9427508563376762,0.059665860415820886,-0.011580477345991184,1.2317988958761066,1.8499999999999999,-0.9120834083345947,0.912724571136951
vwap_mr,1h,"{""k"": 2.0, ""trend"": false}",1132,84.38420910868827,0.15085158150851583,0.8445579154343578,0.09469558453236102,-0.07000282413528325,1.3208225921207115,1.8499999999999999,-0.999901525478791,0.999901525478791
ema_cross,1h,"{""pair"": [10, 30], ""stop_atr"": 2.0}",1432,3.5930016043845368,0.2,0.303473123519369,0.17777776582934127,0.34065100180488783,1.106185080395677,1.8499999999999999,-0.9999582972485986,0.9999586852429255
ema_cross,1h,"{""pair"": [10, 30], ""stop_atr"": 3.0}",1432,125.7550561534588,0.17469387755102042,1.3712360809377522,0.45642517386345866,0.3831359400640356,1.15351041219363,1.8499999999999999,-0.9998999824463346,0.9999048590061635
ema_cross,1h,"{""pair"": [20, 60], ""stop_atr"": 2.0}",687,70.52548863463362,0.18922852983988356,1.5572474214567356,0.8688363080687667,0.9065942694277889,1.4972504857738267,1.8499999999999999,-0.9902530156043455,0.9975255278112907
ema_cross,1h,"{""pair"": [20, 60], ""stop_atr"": 3.0}",687,70.52548863463362,0.2052401746724891,1.6423946387956858,0.8326136895135827,0.9204910795039396,1.8169287401367467,1.8499999999999999,-0.9511641511721526,0.9812703067141149
ema_cross,1h,"{""pair"": [50, 150], ""stop_atr"": 2.0}",300,30.797156609010315,0.15333333333333332,1.6773632629914745,0.9389750249156751,1.7136747775695804,1.5156660911762236,1.8499999999999999,-0.6099711601464384,0.9177434609556497
ema_cross,1h,"{""pair"": [50, 150], ""stop_atr"": 3.0}",300,30.797156609010315,0.18,1.678221975865866,0.9450079183857488,1.6682511095601076,2.1985029763517585,1.8499999999999999,-0.3860536418885937,0.8491002612650804
donchian,1h,"{""n"": 20, ""stop_atr"": 1.5}",1360,93.93132765748146,0.18907103825136612,1.2549288710629727,0.6282417451534658,0.3562635947734547,1.0880366372487627,1.8499999999999999,-0.9998995511718802,0.999921695224038
donchian,1h,"{""n"": 20, ""stop_atr"": 2.5}",1223,98.96152990361982,0.21473029045643152,1.1679308783870497,0.24127282604926112,0.30811915092592457,1.4337653553008232,1.8499999999999999,-0.9999010737725812,0.999901281548269
donchian,1h,"{""n"": 50, ""stop_atr"": 1.5}",707,72.57863240856764,0.15417256011315417,1.3704653876672568,0.7585471087181337,0.6195901697429972,1.1591140645735776,1.8499999999999999,-0.9992360787702016,0.9995888681640503
donchian,1h,"{""n"": 50, ""stop_atr"": 2.5}",606,62.21025635020084,0.20132013201320131,1.4874695542381546,0.7828756794895313,0.7426279824555759,1.7552624778996975,1.8499999999999999,-0.9747435016907721,0.9879191074864268
donchian,1h,"{""n"": 100, ""stop_atr"": 1.5}",412,42.29476174304084,0.1529126213592233,1.6319358061434508,0.9001201871497799,1.2755796475768557,1.2452078284473724,1.8499999999999999,-0.9070557871627356,0.9762379217786655
donchian,1h,"{""n"": 100, ""stop_atr"": 2.5}",346,35.519387289058564,0.21098265895953758,1.7675905317043024,0.9440866389752344,1.4166021060591658,2.1212366188164538,1.8499999999999999,-0.46061367275824494,0.8506372836218978
squeeze,1h,"{""pct"": 10, ""tp_r"": 2.0}",520,1.0265718869670106,0.5,0.0980222187922204,0.031001311877554335,-0.05864105624432892,1.5238702700240498,1.8499999999999999,-0.9999523350184496,0.9999523350184496
squeeze,1h,"{""pct"": 10, ""tp_r"": 3.0}",485,0.9239146982703095,0.5555555555555556,0.11765817401585553,0.060112307691404576,0.03641529473017244,1.6081045728768149,1.8499999999999999,-0.9999505773614581,0.9999505773614581
squeeze,1h,"{""pct"": 20, ""tp_r"": 2.0}",812,2.155800962630722,0.47619047619047616,0.19042175028061945,0.06540593019728669,0.005175018057094924,1.563308498035848,1.8499999999999999,-0.9999549857980724,0.9999549857980724
squeeze,1h,"{""pct"": 20, ""tp_r"": 3.0}",733,1.745172207843918,0.5294117647058824,0.19660471432345134,0.10155583231681228,0.10145159248172633,1.6344882158033065,1.8499999999999999,-0.9999514773182487,0.9999518874472342
squeeze,1h,"{""pct"": 30, ""tp_r"": 2.0}",991,2.6690869061142273,0.4230769230769231,0.2101139748048112,0.07048917732939079,0.028136462273692937,1.6537780444651782,1.8499999999999999,-0.9999582123926198,0.9999583717139314
squeeze,1h,"{""pct"": 30, ""tp_r"": 3.0}",892,2.155800962630722,0.47619047619047616,0.2251387294707489,0.11506783124605399,0.16909090895540616,1.7031674300533755,1.8499999999999999,-0.9999534885189407,0.9999536658507056
regime_switch,1h,"{""adx_level"": 20, ""stop_atr"": 2.0}",1854,96.70307175229239,0.18046709129511676,1.1400193384892792,0.29764578907136713,0.08798537607793494,1.1048875315560431,1.8499999999999999,-0.999900821099309,0.9999017424471925
regime_switch,1h,"{""adx_level"": 20, ""stop_atr"": 3.0}",1721,123.18862643604126,0.17083333333333334,1.2017528416475225,0.3230683738533613,0.10613075771912443,1.166870138926712,1.8499999999999999,-0.9998994098153305,0.9998994098153305
regime_switch,1h,"{""adx_level"": 25, ""stop_atr"": 2.0}",2131,85.00015224086847,0.14855072463768115,1.0177498113164982,0.16431925432880423,-0.04405082895107157,1.1345945359474827,1.8499999999999999,-0.9998996101261738,0.9999011593465005
regime_switch,1h,"{""adx_level"": 25, ""stop_atr"": 3.0}",1920,121.03282547341054,0.16030534351145037,1.0815387996256611,0.1893649726605867,-0.019359913711826104,1.192167992879891,1.8499999999999999,-0.9998991357919421,0.9998993754491574
regime_switch,1h,"{""adx_level"": 30, ""stop_atr"": 2.0}",2292,80.38057874951693,0.1417624521072797,0.9669519876731297,0.11806003540803016,-0.10022396622142843,1.2237779028515614,1.8499999999999999,-0.9999003171648135,0.9999039341648942
regime_switch,1h,"{""adx_level"": 30, ""stop_atr"": 3.0}",2030,118.0557670012062,0.1617391304347826,1.037857976856877,0.14035381661313268,-0.04997102801077555,1.2872438844812892,1.8499999999999999,-0.9999004787450745,0.9999029116718198
hybrid,1h,"{""ema_n"": 100, ""rsi_max"": 30, ""trail_atr"": 2.0}",6,0.6159431321802064,0.16666666666666666,1.343804683424948,0.16376044115548094,0.2383337735240875,0.8776558615176727,1.8499999999999999,-0.046943139061079275,0.046943139061079275
hybrid,1h,"{""ema_n"": 200, ""rsi_max"": 30, ""trail_atr"": 2.0}",98,10.060404492276703,0.10204081632653061,0.9242840013810233,0.1278169815063463,-0.17629237409227017,1.017895195129773,1.8499999999999999,-0.7002869623505432,0.7022543556527435
hybrid,1h,"{""ema_n"": 100, ""rsi_max"": 30, ""trail_atr"": 3.0}",6,0.6159431321802064,0.16666666666666666,0.7927799499424621,0.0743105993560917,-0.22294441793727454,0.9991608530056425,1.8499999999999999,-0.05718306952781116,0.06202600052149709
hybrid,1h,"{""ema_n"": 200, ""rsi_max"": 30, ""trail_atr"": 3.0}",94,9.649775737489898,0.20212765957446807,1.235293653639648,0.3383202188382985,-0.010379604680309053,1.5075410354969974,1.8499999999999999,-0.6282600043037191,0.6783669145158622
hybrid,1h,"{""ema_n"": 100, ""rsi_max"": 40, ""trail_atr"": 2.0}",335,34.390158213394855,0.16716417910447762,1.3273724116865604,0.2851504963959068,0.30204196668537564,1.102576111306337,1.8499999999999999,-0.9745090069985537,0.9748658647876576
hybrid,1h,"{""ema_n"": 200, ""rsi_max"": 40, ""trail_atr"": 2.0}",746,76.58226276773898,0.14611260053619302,1.1557530412687838,0.2787677356909015,0.127318316424901,1.100896924324041,1.8499999999999999,-0.9998394371514523,0.9998416849298398
hybrid,1h,"{""ema_n"": 100, ""rsi_max"": 40, ""trail_atr"": 3.0}",307,31.515756929887225,0.21172638436482086,1.5216530072323675,0.4150080965382619,0.5545949001559697,1.3642397975331706,1.8499999999999999,-0.9459508079160568,0.9478804504388467
hybrid,1h,"{""ema_n"": 200, ""rsi_max"": 40, ""trail_atr"": 3.0}",641,65.80325795458538,0.187207488299532,1.2783284476748389,0.44663164057118604,0.3995294469120046,1.378527238550736,1.8499999999999999,-0.9988324827872763,0.9988683899181172
