family,name,tf,params,status,train_trades,train_skipped_min_order,train_winning,train_losing,train_win_rate,train_avg_win,train_avg_loss,train_avg_win_pct,train_avg_loss_pct,train_reward_risk,train_profit_factor,train_expectancy_usd,train_expectancy_pct,train_expectancy_r,train_gross_profit,train_fees,train_slippage,train_net_profit,train_net_return,train_cagr,train_max_drawdown,train_avg_drawdown,train_sharpe,train_sortino,train_longest_win_streak,train_longest_loss_streak,train_avg_duration_h,train_median_duration_h,train_exposure,train_trades_per_year,train_years,train_tstat,val_trades,val_skipped_min_order,val_winning,val_losing,val_win_rate,val_avg_win,val_avg_loss,val_avg_win_pct,val_avg_loss_pct,val_reward_risk,val_profit_factor,val_expectancy_usd,val_expectancy_pct,val_expectancy_r,val_gross_profit,val_fees,val_slippage,val_net_profit,val_net_return,val_cagr,val_max_drawdown,val_avg_drawdown,val_sharpe,val_sortino,val_longest_win_streak,val_longest_loss_streak,val_avg_duration_h,val_median_duration_h,val_exposure,val_trades_per_year,val_years,val_tstat,oos_trades,oos_skipped_min_order,oos_winning,oos_losing,oos_win_rate,oos_avg_win,oos_avg_loss,oos_avg_win_pct,oos_avg_loss_pct,oos_reward_risk,oos_profit_factor,oos_expectancy_usd,oos_expectancy_pct,oos_expectancy_r,oos_gross_profit,oos_fees,oos_slippage,oos_net_profit,oos_net_return,oos_cagr,oos_max_drawdown,oos_avg_drawdown,oos_sharpe,oos_sortino,oos_longest_win_streak,oos_longest_loss_streak,oos_avg_duration_h,oos_median_duration_h,oos_exposure,oos_trades_per_year,oos_years,oos_tstat,full_trades,full_skipped_min_order,full_winning,full_losing,full_win_rate,full_avg_win,full_avg_loss,full_avg_win_pct,full_avg_loss_pct,full_reward_risk,full_profit_factor,full_expectancy_usd,full_expectancy_pct,full_expectancy_r,full_gross_profit,full_fees,full_slippage,full_net_profit,full_net_return,full_cagr,full_max_drawdown,full_avg_drawdown,full_sharpe,full_sortino,full_longest_win_streak,full_longest_loss_streak,full_avg_duration_h,full_median_duration_h,full_exposure,full_trades_per_year,full_years,full_tstat,full_gross_pf,val_pass,wf_profit_factor,wf_trades,wf_expectancy_pct,accepted,rejection_reasons
bb_mr,Bollinger Band mean reversion,5m,,no eligible params on train,,,,,,,,,,,,,,,,,,,,,,,,,,,,,,,,,,,,,,,,,,,,,,,,,,,,,,,,,,,,,,,,,,,,,,,,,,,,,,,,,,,,,,,,,,,,,,,,,,,,,,,,,,,,,,,,,,,,,,,,,,,,,,,,,,,,,,False,no parameter set profitable after costs on TRAIN (>= 100 trades and PF > 1)
bb_rsi_ema,Bollinger + RSI + EMA trend filter,5m,,no eligible params on train,,,,,,,,,,,,,,,,,,,,,,,,,,,,,,,,,,,,,,,,,,,,,,,,,,,,,,,,,,,,,,,,,,,,,,,,,,,,,,,,,,,,,,,,,,,,,,,,,,,,,,,,,,,,,,,,,,,,,,,,,,,,,,,,,,,,,,False,no parameter set profitable after costs on TRAIN (>= 100 trades and PF > 1)
ema_pullback,EMA pullback (20 EMA in 50>200 uptrend),5m,,no eligible params on train,,,,,,,,,,,,,,,,,,,,,,,,,,,,,,,,,,,,,,,,,,,,,,,,,,,,,,,,,,,,,,,,,,,,,,,,,,,,,,,,,,,,,,,,,,,,,,,,,,,,,,,,,,,,,,,,,,,,,,,,,,,,,,,,,,,,,,False,no parameter set profitable after costs on TRAIN (>= 100 trades and PF > 1)
rsi_mr,RSI mean reversion (above EMA200),5m,,no eligible params on train,,,,,,,,,,,,,,,,,,,,,,,,,,,,,,,,,,,,,,,,,,,,,,,,,,,,,,,,,,,,,,,,,,,,,,,,,,,,,,,,,,,,,,,,,,,,,,,,,,,,,,,,,,,,,,,,,,,,,,,,,,,,,,,,,,,,,,False,no parameter set profitable after costs on TRAIN (>= 100 trades and PF > 1)
vwap_mr,Session-VWAP reversion,5m,,no eligible params on train,,,,,,,,,,,,,,,,,,,,,,,,,,,,,,,,,,,,,,,,,,,,,,,,,,,,,,,,,,,,,,,,,,,,,,,,,,,,,,,,,,,,,,,,,,,,,,,,,,,,,,,,,,,,,,,,,,,,,,,,,,,,,,,,,,,,,,False,no parameter set profitable after costs on TRAIN (>= 100 trades and PF > 1)
ema_cross,Momentum: EMA crossover,5m,,no eligible params on train,,,,,,,,,,,,,,,,,,,,,,,,,,,,,,,,,,,,,,,,,,,,,,,,,,,,,,,,,,,,,,,,,,,,,,,,,,,,,,,,,,,,,,,,,,,,,,,,,,,,,,,,,,,,,,,,,,,,,,,,,,,,,,,,,,,,,,False,no parameter set profitable after costs on TRAIN (>= 100 trades and PF > 1)
donchian,Breakout + ATR (Donchian),5m,,no eligible params on train,,,,,,,,,,,,,,,,,,,,,,,,,,,,,,,,,,,,,,,,,,,,,,,,,,,,,,,,,,,,,,,,,,,,,,,,,,,,,,,,,,,,,,,,,,,,,,,,,,,,,,,,,,,,,,,,,,,,,,,,,,,,,,,,,,,,,,False,no parameter set profitable after costs on TRAIN (>= 100 trades and PF > 1)
squeeze,Volatility regime: BB squeeze breakout,5m,,no eligible params on train,,,,,,,,,,,,,,,,,,,,,,,,,,,,,,,,,,,,,,,,,,,,,,,,,,,,,,,,,,,,,,,,,,,,,,,,,,,,,,,,,,,,,,,,,,,,,,,,,,,,,,,,,,,,,,,,,,,,,,,,,,,,,,,,,,,,,,False,no parameter set profitable after costs on TRAIN (>= 100 trades and PF > 1)
regime_switch,Regime switching: ADX trend/range,5m,,no eligible params on train,,,,,,,,,,,,,,,,,,,,,,,,,,,,,,,,,,,,,,,,,,,,,,,,,,,,,,,,,,,,,,,,,,,,,,,,,,,,,,,,,,,,,,,,,,,,,,,,,,,,,,,,,,,,,,,,,,,,,,,,,,,,,,,,,,,,,,False,no parameter set profitable after costs on TRAIN (>= 100 trades and PF > 1)
hybrid,Hybrid: trend filter + MR entry + chandelier exit,5m,,no eligible params on train,,,,,,,,,,,,,,,,,,,,,,,,,,,,,,,,,,,,,,,,,,,,,,,,,,,,,,,,,,,,,,,,,,,,,,,,,,,,,,,,,,,,,,,,,,,,,,,,,,,,,,,,,,,,,,,,,,,,,,,,,,,,,,,,,,,,,,False,no parameter set profitable after costs on TRAIN (>= 100 trades and PF > 1)
bb_mr,Bollinger Band mean reversion,15m,,no eligible params on train,,,,,,,,,,,,,,,,,,,,,,,,,,,,,,,,,,,,,,,,,,,,,,,,,,,,,,,,,,,,,,,,,,,,,,,,,,,,,,,,,,,,,,,,,,,,,,,,,,,,,,,,,,,,,,,,,,,,,,,,,,,,,,,,,,,,,,False,no parameter set profitable after costs on TRAIN (>= 100 trades and PF > 1)
bb_rsi_ema,Bollinger + RSI + EMA trend filter,15m,,no eligible params on train,,,,,,,,,,,,,,,,,,,,,,,,,,,,,,,,,,,,,,,,,,,,,,,,,,,,,,,,,,,,,,,,,,,,,,,,,,,,,,,,,,,,,,,,,,,,,,,,,,,,,,,,,,,,,,,,,,,,,,,,,,,,,,,,,,,,,,False,no parameter set profitable after costs on TRAIN (>= 100 trades and PF > 1)
ema_pullback,EMA pullback (20 EMA in 50>200 uptrend),15m,,no eligible params on train,,,,,,,,,,,,,,,,,,,,,,,,,,,,,,,,,,,,,,,,,,,,,,,,,,,,,,,,,,,,,,,,,,,,,,,,,,,,,,,,,,,,,,,,,,,,,,,,,,,,,,,,,,,,,,,,,,,,,,,,,,,,,,,,,,,,,,False,no parameter set profitable after costs on TRAIN (>= 100 trades and PF > 1)
rsi_mr,RSI mean reversion (above EMA200),15m,,no eligible params on train,,,,,,,,,,,,,,,,,,,,,,,,,,,,,,,,,,,,,,,,,,,,,,,,,,,,,,,,,,,,,,,,,,,,,,,,,,,,,,,,,,,,,,,,,,,,,,,,,,,,,,,,,,,,,,,,,,,,,,,,,,,,,,,,,,,,,,False,no parameter set profitable after costs on TRAIN (>= 100 trades and PF > 1)
vwap_mr,Session-VWAP reversion,15m,,no eligible params on train,,,,,,,,,,,,,,,,,,,,,,,,,,,,,,,,,,,,,,,,,,,,,,,,,,,,,,,,,,,,,,,,,,,,,,,,,,,,,,,,,,,,,,,,,,,,,,,,,,,,,,,,,,,,,,,,,,,,,,,,,,,,,,,,,,,,,,False,no parameter set profitable after costs on TRAIN (>= 100 trades and PF > 1)
ema_cross,Momentum: EMA crossover,15m,,no eligible params on train,,,,,,,,,,,,,,,,,,,,,,,,,,,,,,,,,,,,,,,,,,,,,,,,,,,,,,,,,,,,,,,,,,,,,,,,,,,,,,,,,,,,,,,,,,,,,,,,,,,,,,,,,,,,,,,,,,,,,,,,,,,,,,,,,,,,,,False,no parameter set profitable after costs on TRAIN (>= 100 trades and PF > 1)
donchian,Breakout + ATR (Donchian),15m,,no eligible params on train,,,,,,,,,,,,,,,,,,,,,,,,,,,,,,,,,,,,,,,,,,,,,,,,,,,,,,,,,,,,,,,,,,,,,,,,,,,,,,,,,,,,,,,,,,,,,,,,,,,,,,,,,,,,,,,,,,,,,,,,,,,,,,,,,,,,,,False,no parameter set profitable after costs on TRAIN (>= 100 trades and PF > 1)
squeeze,Volatility regime: BB squeeze breakout,15m,,no eligible params on train,,,,,,,,,,,,,,,,,,,,,,,,,,,,,,,,,,,,,,,,,,,,,,,,,,,,,,,,,,,,,,,,,,,,,,,,,,,,,,,,,,,,,,,,,,,,,,,,,,,,,,,,,,,,,,,,,,,,,,,,,,,,,,,,,,,,,,False,no parameter set profitable after costs on TRAIN (>= 100 trades and PF > 1)
regime_switch,Regime switching: ADX trend/range,15m,,no eligible params on train,,,,,,,,,,,,,,,,,,,,,,,,,,,,,,,,,,,,,,,,,,,,,,,,,,,,,,,,,,,,,,,,,,,,,,,,,,,,,,,,,,,,,,,,,,,,,,,,,,,,,,,,,,,,,,,,,,,,,,,,,,,,,,,,,,,,,,False,no parameter set profitable after costs on TRAIN (>= 100 trades and PF > 1)
hybrid,Hybrid: trend filter + MR entry + chandelier exit,15m,,no eligible params on train,,,,,,,,,,,,,,,,,,,,,,,,,,,,,,,,,,,,,,,,,,,,,,,,,,,,,,,,,,,,,,,,,,,,,,,,,,,,,,,,,,,,,,,,,,,,,,,,,,,,,,,,,,,,,,,,,,,,,,,,,,,,,,,,,,,,,,False,no parameter set profitable after costs on TRAIN (>= 100 trades and PF > 1)
bb_mr,Bollinger Band mean reversion,30m,,no eligible params on train,,,,,,,,,,,,,,,,,,,,,,,,,,,,,,,,,,,,,,,,,,,,,,,,,,,,,,,,,,,,,,,,,,,,,,,,,,,,,,,,,,,,,,,,,,,,,,,,,,,,,,,,,,,,,,,,,,,,,,,,,,,,,,,,,,,,,,False,no parameter set profitable after costs on TRAIN (>= 100 trades and PF > 1)
bb_rsi_ema,Bollinger + RSI + EMA trend filter,30m,,no eligible params on train,,,,,,,,,,,,,,,,,,,,,,,,,,,,,,,,,,,,,,,,,,,,,,,,,,,,,,,,,,,,,,,,,,,,,,,,,,,,,,,,,,,,,,,,,,,,,,,,,,,,,,,,,,,,,,,,,,,,,,,,,,,,,,,,,,,,,,False,no parameter set profitable after costs on TRAIN (>= 100 trades and PF > 1)
ema_pullback,EMA pullback (20 EMA in 50>200 uptrend),30m,,no eligible params on train,,,,,,,,,,,,,,,,,,,,,,,,,,,,,,,,,,,,,,,,,,,,,,,,,,,,,,,,,,,,,,,,,,,,,,,,,,,,,,,,,,,,,,,,,,,,,,,,,,,,,,,,,,,,,,,,,,,,,,,,,,,,,,,,,,,,,,False,no parameter set profitable after costs on TRAIN (>= 100 trades and PF > 1)
rsi_mr,RSI mean reversion (above EMA200),30m,,no eligible params on train,,,,,,,,,,,,,,,,,,,,,,,,,,,,,,,,,,,,,,,,,,,,,,,,,,,,,,,,,,,,,,,,,,,,,,,,,,,,,,,,,,,,,,,,,,,,,,,,,,,,,,,,,,,,,,,,,,,,,,,,,,,,,,,,,,,,,,False,no parameter set profitable after costs on TRAIN (>= 100 trades and PF > 1)
vwap_mr,Session-VWAP reversion,30m,,no eligible params on train,,,,,,,,,,,,,,,,,,,,,,,,,,,,,,,,,,,,,,,,,,,,,,,,,,,,,,,,,,,,,,,,,,,,,,,,,,,,,,,,,,,,,,,,,,,,,,,,,,,,,,,,,,,,,,,,,,,,,,,,,,,,,,,,,,,,,,False,no parameter set profitable after costs on TRAIN (>= 100 trades and PF > 1)
ema_cross,Momentum: EMA crossover,30m,,no eligible params on train,,,,,,,,,,,,,,,,,,,,,,,,,,,,,,,,,,,,,,,,,,,,,,,,,,,,,,,,,,,,,,,,,,,,,,,,,,,,,,,,,,,,,,,,,,,,,,,,,,,,,,,,,,,,,,,,,,,,,,,,,,,,,,,,,,,,,,False,no parameter set profitable after costs on TRAIN (>= 100 trades and PF > 1)
donchian,Breakout + ATR (Donchian),30m,,no eligible params on train,,,,,,,,,,,,,,,,,,,,,,,,,,,,,,,,,,,,,,,,,,,,,,,,,,,,,,,,,,,,,,,,,,,,,,,,,,,,,,,,,,,,,,,,,,,,,,,,,,,,,,,,,,,,,,,,,,,,,,,,,,,,,,,,,,,,,,False,no parameter set profitable after costs on TRAIN (>= 100 trades and PF > 1)
squeeze,Volatility regime: BB squeeze breakout,30m,,no eligible params on train,,,,,,,,,,,,,,,,,,,,,,,,,,,,,,,,,,,,,,,,,,,,,,,,,,,,,,,,,,,,,,,,,,,,,,,,,,,,,,,,,,,,,,,,,,,,,,,,,,,,,,,,,,,,,,,,,,,,,,,,,,,,,,,,,,,,,,False,no parameter set profitable after costs on TRAIN (>= 100 trades and PF > 1)
regime_switch,Regime switching: ADX trend/range,30m,,no eligible params on train,,,,,,,,,,,,,,,,,,,,,,,,,,,,,,,,,,,,,,,,,,,,,,,,,,,,,,,,,,,,,,,,,,,,,,,,,,,,,,,,,,,,,,,,,,,,,,,,,,,,,,,,,,,,,,,,,,,,,,,,,,,,,,,,,,,,,,False,no parameter set profitable after costs on TRAIN (>= 100 trades and PF > 1)
hybrid,Hybrid: trend filter + MR entry + chandelier exit,30m,,no eligible params on train,,,,,,,,,,,,,,,,,,,,,,,,,,,,,,,,,,,,,,,,,,,,,,,,,,,,,,,,,,,,,,,,,,,,,,,,,,,,,,,,,,,,,,,,,,,,,,,,,,,,,,,,,,,,,,,,,,,,,,,,,,,,,,,,,,,,,,False,no parameter set profitable after costs on TRAIN (>= 100 trades and PF > 1)
bb_mr,Bollinger Band mean reversion,1h,,no eligible params on train,,,,,,,,,,,,,,,,,,,,,,,,,,,,,,,,,,,,,,,,,,,,,,,,,,,,,,,,,,,,,,,,,,,,,,,,,,,,,,,,,,,,,,,,,,,,,,,,,,,,,,,,,,,,,,,,,,,,,,,,,,,,,,,,,,,,,,False,no parameter set profitable after costs on TRAIN (>= 100 trades and PF > 1)
bb_rsi_ema,Bollinger + RSI + EMA trend filter,1h,,no eligible params on train,,,,,,,,,,,,,,,,,,,,,,,,,,,,,,,,,,,,,,,,,,,,,,,,,,,,,,,,,,,,,,,,,,,,,,,,,,,,,,,,,,,,,,,,,,,,,,,,,,,,,,,,,,,,,,,,,,,,,,,,,,,,,,,,,,,,,,False,no parameter set profitable after costs on TRAIN (>= 100 trades and PF > 1)
ema_pullback,EMA pullback (20 EMA in 50>200 uptrend),1h,,no eligible params on train,,,,,,,,,,,,,,,,,,,,,,,,,,,,,,,,,,,,,,,,,,,,,,,,,,,,,,,,,,,,,,,,,,,,,,,,,,,,,,,,,,,,,,,,,,,,,,,,,,,,,,,,,,,,,,,,,,,,,,,,,,,,,,,,,,,,,,False,no parameter set profitable after costs on TRAIN (>= 100 trades and PF > 1)
rsi_mr,RSI mean reversion (above EMA200),1h,,no eligible params on train,,,,,,,,,,,,,,,,,,,,,,,,,,,,,,,,,,,,,,,,,,,,,,,,,,,,,,,,,,,,,,,,,,,,,,,,,,,,,,,,,,,,,,,,,,,,,,,,,,,,,,,,,,,,,,,,,,,,,,,,,,,,,,,,,,,,,,False,no parameter set profitable after costs on TRAIN (>= 100 trades and PF > 1)
vwap_mr,Session-VWAP reversion,1h,,no eligible params on train,,,,,,,,,,,,,,,,,,,,,,,,,,,,,,,,,,,,,,,,,,,,,,,,,,,,,,,,,,,,,,,,,,,,,,,,,,,,,,,,,,,,,,,,,,,,,,,,,,,,,,,,,,,,,,,,,,,,,,,,,,,,,,,,,,,,,,False,no parameter set profitable after costs on TRAIN (>= 100 trades and PF > 1)
ema_cross,Momentum: EMA crossover,1h,"{""pair"": [50, 150], ""stop_atr"": 3.0}",validation fail,206.0,0.0,38.0,168.0,0.18446601941747573,1574.0339433710042,-336.71111872148947,0.09363972273561466,-0.017232379403389404,4.674731114754087,1.0573796569086626,15.75641700431028,0.0032197559426404717,0.21699067540930453,38181.243566915975,33411.82302083117,1523.5986431968909,3245.8219028879175,0.33327970408179564,0.043086462676162895,0.6677410176573852,0.02553573110738118,0.29463246738797205,0.3352243640584253,2.0,19.0,116.43203883495146,42.5,0.40155028377224555,30.210897897043818,6.818731462468628,0.69377025873786,48.0,0.0,9.0,39.0,0.1875,280.5366764264621,-155.40526842671972,0.03255316213602113,-0.01833050458173121,1.8051941177190352,0.41658325793516193,-73.66615376674815,-0.008789817072152649,-0.878923395028082,273.0216023382903,3638.2018345548354,170.795148587366,-3535.9753808039113,-0.3514699022376264,-0.25649827932466684,0.37739693368792004,0.1137800936041019,-1.72656659301219,-1.838152359171199,2.0,10.0,97.72916666666667,33.0,0.36622687173081425,32.85196752029981,1.4610997033994981,-2.6079270821630085,46.0,0.0,7.0,39.0,0.15217391304347827,367.8200901098069,-150.4919422562276,0.04771590564196055,-0.0182058871564689,2.4441181673604584,0.4386878761929028,-71.61837211357019,-0.008174309991490507,-0.834360466499392,1181.70191377032,4288.861361948496,187.28566904605256,-3294.445117224229,-0.32944451172242284,-0.23930747608524539,0.47762521759351584,0.03541171638051309,-1.4137340071961448,-1.6509785284407503,2.0,19.0,109.67391304347827,30.0,0.39417141964215957,31.483135540287318,1.4610997033994981,-1.7157972195252729,300.0,0.0,54.0,246.0,0.18,1228.539663237602,-285.3726757468148,0.07884316579685455,-0.017560809014468392,4.305036072646189,0.9450079183857488,-12.868454729619831,-0.000208093548430263,-0.0954855208337193,40371.38833055243,42303.88392435729,1928.0408250810858,-3860.5364188859494,-0.3860536418885937,-0.048847693654881064,0.8491002612650804,0.027072673849819272,-0.11902427770174172,-0.13652028948539427,2.0,19.0,115.64666666666666,40.5,0.4065433154829562,30.797156609010315,9.741159023499886,-0.06223629373903504,1.678221975865866,False,0.6367950417496248,68.0,-0.004359495497424122,False,validation gate; OOS PF < 1.5; OOS expectancy <= 0; walk-forward PF < 1.5; walk-forward expectancy <= 0; < 500 trades; max DD > 25%
donchian,Breakout + ATR (Donchian),1h,"{""n"": 100, ""stop_atr"": 2.5}",validation fail,223.0,0.0,54.0,169.0,0.242152466367713,1265.8739080829428,-354.73249505530197,0.07204652180634603,-0.017510605402794584,3.568531007810818,1.1402406770519773,37.70134247593215,0.0041758738317058345,0.5432349707857905,50886.96209826911,40676.28288817083,1803.2798379654025,8407.39937213287,0.8580661813447674,0.09511348106873063,0.5124615142538539,0.03186093480129741,0.47409202709199694,0.5077913156760475,4.0,14.0,89.10313901345292,45.0,0.3326580837421105,32.70403024777073,6.818731462468628,1.0925150402771304,60.0,0.0,12.0,48.0,0.2,331.7386061019433,-158.72226938878825,0.038697672308833524,-0.018574102813553223,2.0900571002381123,0.5225142750595281,-60.63009429064193,-0.007119747789075873,-0.7224066959683356,1956.0270089559326,5353.56175902709,240.27090736735943,-3637.8056574385155,-0.361667479705593,-0.26451972588745365,0.4523058730109717,0.05492934828053498,-1.3549326165506639,-1.3464790208990876,3.0,9.0,68.98333333333333,37.5,0.3231321726910766,41.06495940037476,1.4610997033994981,-1.9237962511565427,63.0,0.0,7.0,56.0,0.1111111111111111,313.539787704283,-133.6279137824562,0.05233270461606095,-0.019418627247600406,2.3463644595598496,0.29329555744498126,-83.94261361726296,-0.011446257040526927,-1.1287645171443386,458.7888066671528,5504.29880874829,242.87465580642703,-5288.384657887566,-0.5288384657887563,-0.4025353649211413,0.6370704184322277,0.04695072588396012,-2.5004466632255644,-2.776422825173479,1.0,26.0,57.333333333333336,34.0,0.2822095476209079,43.1182073703935,1.4610997033994981,-2.9571676441842745,346.0,0.0,73.0,273.0,0.21098265895953758,1065.3939286674029,-301.75785172272106,0.06439609084678188,-0.01811125630633939,3.5306253758936847,0.9440866389752344,-13.31253389474694,-0.0007036368202762314,0.008518089008258825,54576.55696942512,56666.47110703091,2516.222589976649,-4606.136727582441,-0.46061367275824494,-0.06140637337296306,0.8506372836218978,0.03502145601034455,-0.1332414211563998,-0.1430933230294688,4.0,26.0,80.03179190751445,41.0,0.32448235859337465,35.519387289058564,9.741159023499886,-0.2658321953258953,1.7675905317043024,False,,0.0,,False,validation gate; OOS PF < 1.5; OOS expectancy <= 0; walk-forward PF < 1.5; walk-forward expectancy <= 0; < 500 trades; max DD > 25%
squeeze,Volatility regime: BB squeeze breakout,1h,,no eligible params on train,,,,,,,,,,,,,,,,,,,,,,,,,,,,,,,,,,,,,,,,,,,,,,,,,,,,,,,,,,,,,,,,,,,,,,,,,,,,,,,,,,,,,,,,,,,,,,,,,,,,,,,,,,,,,,,,,,,,,,,,,,,,,,,,,,,,,,False,no parameter set profitable after costs on TRAIN (>= 100 trades and PF > 1)
regime_switch,Regime switching: ADX trend/range,1h,,no eligible params on train,,,,,,,,,,,,,,,,,,,,,,,,,,,,,,,,,,,,,,,,,,,,,,,,,,,,,,,,,,,,,,,,,,,,,,,,,,,,,,,,,,,,,,,,,,,,,,,,,,,,,,,,,,,,,,,,,,,,,,,,,,,,,,,,,,,,,,False,no parameter set profitable after costs on TRAIN (>= 100 trades and PF > 1)
hybrid,Hybrid: trend filter + MR entry + chandelier exit,1h,,no eligible params on train,,,,,,,,,,,,,,,,,,,,,,,,,,,,,,,,,,,,,,,,,,,,,,,,,,,,,,,,,,,,,,,,,,,,,,,,,,,,,,,,,,,,,,,,,,,,,,,,,,,,,,,,,,,,,,,,,,,,,,,,,,,,,,,,,,,,,,False,no parameter set profitable after costs on TRAIN (>= 100 trades and PF > 1)
