mode,family,tf,params,train_trades,train_skipped_min_order,train_winning,train_losing,train_win_rate,train_avg_win,train_avg_loss,train_avg_win_pct,train_avg_loss_pct,train_reward_risk,train_profit_factor,train_expectancy_usd,train_expectancy_pct,train_median_trade_pct,train_expectancy_r,train_gross_profit,train_fees,train_slippage,train_net_profit,train_net_return,train_cagr,train_max_drawdown,train_avg_drawdown,train_sharpe,train_sortino,train_longest_win_streak,train_longest_loss_streak,train_avg_duration_h,train_median_duration_h,train_exposure,train_trades_per_year,train_years,train_tstat,train_gross_pf,val_trades,val_skipped_min_order,val_winning,val_losing,val_win_rate,val_avg_win,val_avg_loss,val_avg_win_pct,val_avg_loss_pct,val_reward_risk,val_profit_factor,val_expectancy_usd,val_expectancy_pct,val_median_trade_pct,val_expectancy_r,val_gross_profit,val_fees,val_slippage,val_net_profit,val_net_return,val_cagr,val_max_drawdown,val_avg_drawdown,val_sharpe,val_sortino,val_longest_win_streak,val_longest_loss_streak,val_avg_duration_h,val_median_duration_h,val_exposure,val_trades_per_year,val_years,val_tstat,val_gross_pf,oos_trades,oos_skipped_min_order,oos_winning,oos_losing,oos_win_rate,oos_avg_win,oos_avg_loss,oos_avg_win_pct,oos_avg_loss_pct,oos_reward_risk,oos_profit_factor,oos_expectancy_usd,oos_expectancy_pct,oos_median_trade_pct,oos_expectancy_r,oos_gross_profit,oos_fees,oos_slippage,oos_net_profit,oos_net_return,oos_cagr,oos_max_drawdown,oos_avg_drawdown,oos_sharpe,oos_sortino,oos_longest_win_streak,oos_longest_loss_streak,oos_avg_duration_h,oos_median_duration_h,oos_exposure,oos_trades_per_year,oos_years,oos_tstat,oos_gross_pf,paper_oos_final,paper_oos_max_drawdown,full_trades,full_skipped_min_order,full_winning,full_losing,full_win_rate,full_avg_win,full_avg_loss,full_avg_win_pct,full_avg_loss_pct,full_reward_risk,full_profit_factor,full_expectancy_usd,full_expectancy_pct,full_median_trade_pct,full_expectancy_r,full_gross_profit,full_fees,full_slippage,full_net_profit,full_net_return,full_cagr,full_max_drawdown,full_avg_drawdown,full_sharpe,full_sortino,full_longest_win_streak,full_longest_loss_streak,full_avg_duration_h,full_median_duration_h,full_exposure,full_trades_per_year,full_years,full_tstat,full_gross_pf,best_year,best_year_share_of_net,pf_without_best_year,top_k,net_total,best_trade_share,top3_share,topk_share,net_without_topk,best_trade_pct,worst_trade_pct,worst3_net,paper_final,paper_net_return,paper_cagr,paper_max_drawdown,paper_trades,paper_skipped,paper_fees,paper_worst_month,paper_best_month,paper_longest_loss_streak,neighbour_pfs,neighbour_median_pf,val_pass,wf_trades,wf_profit_factor,wf_expectancy_pct,wf_net_return,wf_max_drawdown,status,reasons,train_missed_entry_rate,train_maker_exit_rate,val_missed_entry_rate,val_maker_exit_rate,oos_missed_entry_rate,oos_maker_exit_rate,full_missed_entry_rate,full_maker_exit_rate,taker_check_pf
taker,ema_trend,1d,"{""exit_rule"": ""cross"", ""pair"": [20, 50], ""stop_atr"": 3.0}",22.0,0.0,7.0,15.0,0.3181818181818182,1295.2418130020815,-113.14738379054025,0.11018029855528201,-0.009155892596601937,11.447386316946119,5.342113614574855,334.9764515525667,0.028814713678997503,-0.0074374006894524294,2.8814713678997497,7886.611527100527,499.0306597906709,18.098933153392167,7369.481934156467,0.7394662757687969,0.08462600177274493,0.13615652927325228,0.028055862095514104,0.8531393290794026,0.7809771905442934,2.0,4.0,1325.4545454545455,504.0,0.4879518072289157,3.2284049819204497,6.8145106091718,1.4585015559152015,6.429782635634916,4.0,0.0,2.0,2.0,0.5,482.8294359250812,-86.60740562030958,0.04755425992659221,-0.00828667023442386,5.574920902743875,5.574920902743875,198.11101515238582,0.01963379484608417,0.020698456623658386,1.9633794846084176,870.1859582013793,75.22761302640419,2.514284565431822,792.4440606095433,0.07924440606095429,0.0536492864840985,0.056166561169594065,0.00813602145683496,1.022441953073,1.2239303864166906,1.0,2.0,2136.0,2196.0,0.6666666666666666,2.7410881801125706,1.45927446954141,1.2130465900459473,7.209994405903049,6.0,0.0,2.0,4.0,0.3333333333333333,143.17048642122012,-100.05362407144897,0.014545832301473743,-0.010024625046078194,1.430937537244839,0.7154687686224195,-18.978920573892605,-0.0018344725968942148,-0.007413199026203835,-0.18344725968942144,29.22995048542876,137.93910841835958,5.164365510424789,-113.87352344335562,-0.011387352344335855,-0.007817487909716259,0.05445414846522134,0.007511106818023139,-0.24315843953059615,-0.21113906510982455,1.0,4.0,936.0,588.0,0.43820224719101125,4.1116322701688555,1.45927446954141,-0.34024722621176784,1.0986265961673716,189.3608874073193,0.35098328304974913,31.0,0.0,10.0,21.0,0.3225806451612903,1240.8895643682765,-133.75545680376558,0.09587639190500993,-0.009238582362009026,9.27730048568263,4.4177621360393475,309.6784209936674,0.02466947385315838,-0.007156846361939833,2.466947385315838,10521.653897734528,889.2618219292762,32.361025001564244,9600.03105080369,0.9600031050803697,0.07154481842985683,0.13615652927325228,0.025758740872912977,0.804448047329068,0.7517006678579883,2.0,4.0,1418.3225806451612,696.0,0.5148960089938167,3.183230250210852,9.738535249828884,1.6763354353002866,5.533629431584205,2021.0,0.5037052879132283,2.6978906525209534,2.0,9600.031050803687,0.4939066457560519,0.8978620473178924,0.738055827885224,2514.672185878916,0.39472116107132565,-0.012834766588957805,-726.485981696117,4298.947565431754,20.49473782715877,0.3702831675702001,0.6410923319361155,31.0,0.0,1039.9829682220884,-0.2992243537224034,0.622948797975218,4.0,"[10.0, 4.24, 1.59]",4.235899530119272,False,45.0,1.8460957229123518,0.0047626068843982326,0.21696129818768117,0.09964273446879324,FAIL,validation gate; OOS expectancy <= 0; OOS PF < 1.25; max DD at 15% risk ($200) > 50%; best year > 50% of net profit,,,,,,,,,
taker,breakout,1d,"{""n"": 10, ""stop_atr"": 2.0, ""trend_filter"": ""sma200""}",38.0,0.0,18.0,20.0,0.47368421052631576,331.06767065413214,-117.77797361896947,0.028486216564988016,-0.009556193560627816,2.8109472465979835,2.529852521938185,94.83312103671025,0.008463895446242844,-0.00162258300225107,0.8463895446242843,4626.4279261591255,986.8209523949923,35.94837436914432,3603.65859939499,0.36312432765669755,0.04650787068601181,0.06841308864886764,0.018277649258100825,0.8672896135200812,0.7073028258027154,4.0,5.0,416.8421052631579,264.0,0.26506024096385544,5.576335877862595,6.8145106091718,1.9622327919490206,3.4496869866789512,15.0,0.0,4.0,11.0,0.26666666666666666,333.420915086513,-101.89882591092898,0.03347746336023054,-0.009877905923735277,3.2720780843732227,1.1898465761357173,14.186438355055554,0.0016835258853222749,-0.011949846857756066,0.1683525885322275,603.3421639137621,375.1007300653164,15.444858522612119,212.79657532583332,0.021279657532583318,0.014533973064422279,0.06006784956237987,0.01947655942052514,0.2964888356767389,0.2887436142103795,1.0,4.0,331.2,240.0,0.38764044943820225,10.27908067542214,1.45927446954141,0.26273590491528176,1.6801910427449616,10.0,0.0,4.0,6.0,0.4,96.88090975912122,-107.52843673880376,0.009921590878444114,-0.010853107683636986,0.9009794310918298,0.6006529540612199,-25.764698139633776,-0.0025432282588045466,-0.007356508458904171,-0.25432282588045474,96.62535377243057,342.11430132598684,12.158033842781396,-257.64698139633776,-0.02576469813963378,-0.017728232328743543,0.06893999326318434,0.010089561560853014,-0.4519455758648873,-0.35105890230883857,2.0,4.0,331.2,228.0,0.25842696629213485,6.852720450281426,1.45927446954141,-0.6755134022022163,1.2291095852774614,176.57557913840623,0.3211158650479058,62.0,0.0,26.0,36.0,0.41935483870967744,325.3578792071551,-132.5124748045143,0.026750610894987845,-0.010067935818803348,2.4552999986388535,1.773272221239172,59.49767365199222,0.005372099899883282,-0.005521640540253201,0.5372099899883283,5707.000674237638,1944.9378699599338,73.20703785418742,3688.8557664235177,0.36888557664235133,0.03276815853411108,0.1028771976938121,0.02085230141614381,0.6461488587415853,0.5437001127829648,4.0,5.0,391.35483870967744,240.0,0.28414839797639124,6.366460500421704,9.738535249828884,1.6995397575763074,2.5038930730344067,2017.0,0.3215891763748706,1.537102815356101,4.0,3688.8557664235163,0.2912259850231264,0.7440320060204159,0.95959622061463,149.0437145710269,0.09385563669130934,-0.014300866133436708,-571.662300332387,1083.6872670395035,4.4184363351975176,0.18948162277139513,0.4849507538993858,62.0,0.0,1081.9878481449991,-0.20078827151017253,0.6504433800893668,5.0,"[4.62, 1.88, 1.47]",1.8761708171088805,False,42.0,1.8100500924774066,0.005945984344515935,0.25611233493196406,0.11941465164979426,FAIL,validation gate; OOS expectancy <= 0; OOS PF < 1.25,,,,,,,,,
taker,pullback,1d,"{""pb_ema"": 20, ""stop_atr"": 2.0, ""trail_atr"": 3.0}",27.0,0.0,12.0,15.0,0.4444444444444444,365.3777609089297,-119.90695856192293,0.03263227559605569,-0.010123972601504199,3.0471772888830264,2.437741831106421,95.77513898067821,0.008878804375189089,-0.0026352580790357173,0.8878804375189089,3226.3241528800645,607.5425449187517,32.85285548300084,2585.9287524783117,0.26177754355711613,0.03471033945834012,0.07177808024011156,0.01723209021806955,0.7657954466787041,0.4504647588622154,2.0,4.0,498.6666666666667,360.0,0.2253012048192771,3.9621333869023703,6.8145106091718,1.754030482944014,3.179446998289169,8.0,0.0,3.0,5.0,0.375,483.7530891719348,-113.38436984917625,0.04744016823252967,-0.010604828751895778,4.266488315941805,2.5598929895650833,110.54217728374039,0.011162045117263764,-0.008152898768596088,1.1162045117263761,1114.1905595902267,217.48859396795044,12.364547352353211,884.3374182699231,0.08843374182699226,0.05978893165949328,0.06837304610633677,0.0136980835757392,0.9401203990866523,0.8234061746659884,2.0,3.0,666.0,468.0,0.4157303370786517,5.482176360225141,1.45927446954141,0.9063519146716087,3.5122528587588278,6.0,0.0,2.0,4.0,0.3333333333333333,60.47578221313048,-134.0360689058915,0.00623241504336732,-0.013610512950924893,0.45119036022752446,0.22559518011376223,-69.19878519955084,-0.006996203619494156,-0.013393175988982632,-0.6996203619494153,-210.7215197068128,194.55170271835308,9.919488772139168,-415.1927111973051,-0.04151927111973053,-0.02864135688955105,0.044584233645364124,0.044584233645364124,-1.125162707778742,-0.61004506726089,1.0,2.0,332.0,144.0,0.15543071161048688,4.1116322701688555,1.45927446954141,-1.6230323152683652,0.46669375384502,161.2557750380128,0.20859478140696552,40.0,0.0,16.0,24.0,0.4,440.45287925323635,-138.04937911140885,0.03724957550648714,-0.010805241024405894,3.1905458908133246,2.1270305938755496,93.35152423444922,0.008416685587951321,-0.008661581716862233,0.841668558795132,4939.521293117057,1141.9677618525288,63.49256188656095,3734.0609693779684,0.3734060969377968,0.03311785229340103,0.0871359149808496,0.018497096696888763,0.6628990360163827,0.41427239224308576,2.0,4.0,531.6,348.0,0.24901630129286115,4.107393871239809,9.738535249828884,1.7107602573689382,2.8592784684093884,2024.0,0.7022238328639636,1.3966316458919228,2.0,3734.0609693779684,0.36689087986398955,0.8731444360461574,0.6401500250303209,1343.7017463659186,0.11470719242555649,-0.01416276097878509,-578.5965187339503,1174.9991201637647,4.874995600818823,0.19940380429413507,0.546632817506353,40.0,0.0,658.2354352090663,-0.24829545525594832,0.41420762260529,4.0,"[2.65, 2.18, 4.54]",2.648091477650771,True,28.0,1.581933272640069,0.004818970234929948,0.13142039578270404,0.08877147474428237,FAIL,OOS expectancy <= 0; OOS PF < 1.25; max DD at 15% risk ($200) > 50%; best year > 50% of net profit,,,,,,,,,
taker,regime_trend,1d,"{""sma_n"": 100, ""stop_atr"": 5.0, ""vol_pct"": 100}",38.0,0.0,9.0,29.0,0.23684210526315788,563.8427420254418,-32.03486024313452,0.05007146593865667,-0.0025491683468683644,17.600911561531802,5.462351863923663,109.09404555731776,0.009913613457598091,-0.001820721586303399,0.991361345759809,4601.846430883764,443.9407252770336,12.33197442865394,4145.573731178075,0.4157273926822047,0.052338863358447396,0.10315582147113433,0.015446432558917167,0.8598553619300904,0.8067584959678941,2.0,9.0,764.2105263157895,168.0,0.4859437751004016,5.576335877862595,6.8145106091718,1.4739905806119533,8.156332634346798,12.0,0.0,1.0,11.0,0.08333333333333333,294.9002374970641,-20.185037631717105,0.029986645590178978,-0.0020233584605785257,14.609843334336032,1.3281675758487301,6.072068629014662,0.0006441418769845992,-0.0016894645872459312,0.06441418769845995,185.87171866843192,109.95264340859023,3.054251711665755,72.86482354817595,0.007286482354817325,0.004987515492045791,0.01710934312623924,0.006149244103921115,0.2529841688397228,0.2636052990308081,1.0,8.0,402.0,96.0,0.37640449438202245,8.223264540337711,1.45927446954141,0.23988693580586137,2.4799334909439112,10.0,0.0,2.0,8.0,0.2,121.5450474851742,-26.806771337804754,0.012257604949836734,-0.0026825563034355167,4.534117367344534,1.1335293418361334,2.8635924267910355,0.0003054759472189333,-0.0021115393272452885,0.030547594721893345,165.04224506266618,132.7196534396258,3.686667355129982,28.635924267910355,0.0028635924267910173,0.0019614566643975095,0.02920385199014519,0.00382190322208791,0.11513477454240167,0.12338065509777772,1.0,8.0,568.8,168.0,0.4438202247191011,6.852720450281426,1.45927446954141,0.1462712597163171,2.5525634864652207,198.56815955619754,0.32911711282832035,60.0,0.0,12.0,48.0,0.2,563.9106199215266,-33.0680077645867,0.047356311415923585,-0.002450901574021469,17.053056958739184,4.263264239684796,86.32771777263596,0.007510541023967545,-0.0018552751459315103,0.7510541023967544,6020.443889060607,818.0566505753872,22.7241721270608,5179.663066358158,0.517966306635816,0.043789380994897265,0.10315582147113433,0.015617469548995204,0.8029377144871169,0.7737356980766426,2.0,9.0,734.4,144.0,0.5160202360876898,6.161090806859714,9.738535249828884,1.6773694342691954,7.024495401620208,2021.0,0.5005559368726339,2.7850567692670207,3.0,5179.66306635816,0.5023948906818357,0.8834748860485817,0.8834748860485817,603.5608290373361,0.2278258406492808,-0.0058678213617258095,-225.15542152702415,4889.531165689667,23.447655828448337,0.3885161215147037,0.5696800168835094,60.0,0.0,2354.644851803955,-0.1969751210617967,0.52754267310576,9.0,"[4.99, 4.02, 3.71]",4.0160629394196325,True,39.0,3.040346694735951,0.006341449315042226,0.26039510076685435,0.06591239170142171,FAIL,OOS PF < 1.25; max DD at 15% risk ($200) > 50%; best year > 50% of net profit,,,,,,,,,
taker,hybrid,1d,"{""n"": 20, ""stop_atr"": 3.0, ""trail_atr"": 5.0}",21.0,0.0,9.0,12.0,0.42857142857142855,534.7710643973713,-112.21039609702167,0.05010324808023931,-0.009640426558460384,4.765788937550728,3.5743417031630464,165.0673726862896,0.015964005429553767,-0.0067924861499857195,1.5964005429553767,3813.966186400145,329.5298627348267,18.02149725323707,3466.4148264120813,0.3489524499989063,0.04490412978291802,0.10399724766126128,0.021942283589124204,0.7137446729965895,0.5874303544322809,3.0,4.0,1174.857142857143,888.0,0.41285140562248995,3.081659300924066,6.8145106091718,1.138731621763212,4.162724317932536,7.0,0.0,2.0,5.0,0.2857142857142857,434.63969139487125,-82.42267205092564,0.04305109078928474,-0.0078025125844938216,5.2733026069128766,2.1093210427651505,65.30943179073061,0.006727088379442911,-0.005408656761745687,0.672708837944291,573.6196722057695,110.51141338834532,5.942236282309795,457.1660225351143,0.04634950869248233,0.031534941753431855,0.07514330195700636,0.010959970576364433,0.5593050144304481,0.7166680560201681,1.0,3.0,1686.857142857143,576.0,0.9213483146067416,4.796904315196998,1.45927446954141,0.6408185606448873,2.6952390549432277,4.0,0.0,2.0,2.0,0.5,73.56414601868562,-71.55896753922974,0.007357220924104934,-0.007076909632758787,1.028021344471699,1.028021344471699,1.0025892397279463,0.00014015564567307348,-0.0004915999315756384,0.014015564567307383,84.08609083932053,76.39370191222635,3.682031968182411,4.010356958911785,0.00040103569589122756,0.00027480121109357825,0.028903735624748128,0.004707751271506531,0.02342651000612023,0.018419839346517135,1.0,2.0,1188.0,744.0,0.3707865168539326,2.7410881801125706,1.45927446954141,0.02715362026498824,1.8117501439235304,199.27491406872844,0.25201819327769814,30.0,0.0,12.0,18.0,0.4,590.1169196813195,-117.27988806180305,0.051655175600816366,-0.009244552414900048,5.0316975010271605,3.3544650006847734,165.67883503544593,0.015115338791386516,-0.006100571455865704,1.5115338791386514,5558.596269532958,556.774685407745,31.456533061832094,4970.365051063378,0.4970365051063381,0.042302336205682245,0.10399724766126128,0.021636139822780804,0.6697223706594052,0.591665178673085,3.0,4.0,1387.2,900.0,0.4873524451939292,3.080545403429857,9.738535249828884,1.3541715446406584,4.043631588544389,2021.0,0.5476296456827979,2.2351664034477925,2.0,4970.365051063381,0.5933583021289788,1.1670637573684721,1.0262759869738907,-130.60124733722344,0.28225571946418904,-0.0122424848765813,-526.1742608310683,1256.5024056773334,5.282512028386667,0.20769202536160325,0.65664497656253,30.0,0.0,371.44153257136793,-0.22457788953759406,0.6080735784112825,4.0,"[3.35, 3.32, 1.36]",3.322924310706159,True,33.0,1.8184299903820318,0.006235630036439775,0.20888012314550664,0.08948947600665635,FAIL,< 5 OOS trades; OOS PF < 1.25; max DD at 15% risk ($200) > 50%; best year > 50% of net profit; unprofitable without its best few trades,,,,,,,,,
maker,ema_trend,1d,"{""exit_rule"": ""cross"", ""pair"": [20, 50], ""stop_atr"": 3.0}",21.0,0.0,8.0,13.0,0.38095238095238093,1153.5675929612298,-118.2049005590664,0.09667110022717526,-0.009296652767658876,9.759050492029287,6.005569533556484,366.279858877237,0.031072015039896983,-0.006550089637928213,3.1072015039896987,8028.6739725013695,329.3721838603519,7.424752219041901,7691.877036421977,0.7717511319666714,0.08755699523082838,0.1337700812025877,0.02671790893274331,0.8811115189211339,0.8029872349236705,4.0,4.0,1389.7142857142858,552.0,0.4883534136546185,3.081659300924066,6.8145106091718,1.5044327839576426,6.846655255403604,4.0,0.0,2.0,2.0,0.5,493.55862657093695,-81.00087623568507,0.04856109872034769,-0.0077398955440467375,6.0932504623141215,6.0932504623141215,206.27887516762596,0.020410601588150473,0.021563639969029,2.041060158815047,870.9927661379644,45.239530812351504,0.6377346551091546,825.1155006705038,0.08251155006705035,0.05583403221550487,0.05418289331036896,0.008087868999912146,1.0633773602195218,1.267677311172008,1.0,2.0,2154.0,2220.0,0.6722846441947565,2.7410881801125706,1.45927446954141,1.2504108528696305,7.209937554296761,6.0,0.0,2.0,4.0,0.3333333333333333,101.8988012996142,-91.91237872955466,0.010274334669530058,-0.009188794358889509,1.1086515517071303,0.5543257758535651,-27.308652053165034,-0.0027010846827496536,-0.00635346976317195,-0.2701084682749653,-72.458964532377,89.10087605839828,2.2920717282148826,-163.8519123189902,-0.016385191231899077,-0.011257474908316412,0.053523515832268664,0.007408881766242174,-0.4082019498736057,-0.3089456968030765,1.0,4.0,860.0,336.0,0.40262172284644193,4.1116322701688555,1.45927446954141,-0.6122983862336054,0.7602493738078459,186.04060874989324,0.34869666455291815,30.0,0.0,11.0,19.0,0.36666666666666664,1137.0717109722455,-136.0248235614804,0.08677305836946005,-0.009110076552800888,8.35929561385031,4.839592197492285,330.77723910088577,0.02604707291869478,-0.00589095011327751,2.6047072918694787,10507.2150087931,571.3271770003262,12.570658766201552,9923.317173026573,0.9923317173026571,0.07334640256219216,0.1337700812025877,0.02488199304686617,0.8253779621094771,0.7633350806721579,4.0,4.0,1453.6,624.0,0.5106801573917932,3.080545403429857,9.738535249828884,1.7135215647001827,5.6553880475233,2021.0,0.4982270625545637,2.9266034555282823,2.0,9923.317173026571,0.4866726738367867,0.8814006698042647,0.7300866914785554,2678.4353696792737,0.39741993191117525,-0.012178324514176754,-705.7163022080699,5738.819243517667,27.694096217588335,0.4115400488671912,0.6306499868837221,30.0,0.0,892.2278970762426,-0.2938393697092113,0.6229487979752175,4.0,"[10.0, 4.26, 1.81]",4.259025100550579,False,44.0,2.0238145427580445,0.004672842071651143,0.20859312575566902,0.0821576230530553,FAIL,validation gate; OOS expectancy <= 0; OOS PF < 1.25; max DD at 15% risk ($200) > 50%,0.045454545454545456,0.9090909090909091,0.0,1.0,0.14285714285714285,1.0,0.0625,0.9411764705882353,4.4177621360393475
maker,breakout,1d,"{""n"": 10, ""stop_atr"": 2.0, ""trend_filter"": ""sma200""}",38.0,0.0,18.0,20.0,0.47368421052631576,339.20359527736224,-118.52439989646544,0.029120035020036635,-0.009643853089036303,2.8618883164451083,2.5756994848005976,98.29412413324239,0.008717988646840353,-0.0029226116729959587,0.8717988646840352,4387.308721586691,637.2640505588765,14.86795396460209,3735.176717063211,0.3763006503342967,0.047986238704227135,0.07768446148796382,0.01737639079507629,0.8945058320108658,0.7228770484534863,4.0,6.0,431.36842105263156,288.0,0.27429718875502007,5.576335877862595,6.8145106091718,2.026159853806796,3.1654818141982037,15.0,0.0,5.0,10.0,0.3333333333333333,281.0714378550809,-105.7960300661629,0.028036190426393354,-0.010170797390450268,2.6567295358748715,1.3283647679374357,23.159792574251682,0.0025648652151642735,-0.01149143007574243,0.25648652151642737,605.2044639729888,250.21268977809356,7.594885581119901,347.3968886137752,0.03473968886137735,0.023677937228465895,0.05679630525030799,0.015987872177962992,0.4668015564030608,0.45304713518362966,2.0,4.0,342.4,264.0,0.40074906367041196,10.27908067542214,1.45927446954141,0.3952807992169492,1.6799927422114544,10.0,0.0,3.0,7.0,0.3,138.2755316480909,-100.93389043234143,0.014109317995789815,-0.010168540488409697,1.3699613782427273,0.5871263049611688,-29.17106380821175,-0.002885182943149845,-0.007789098482600558,-0.28851829431498444,-59.1800211156439,226.49837534384878,6.032241622624784,-291.7106380821175,-0.02917106380821166,-0.020083071972225475,0.06439464433687658,0.009449203253581243,-0.5291029559562814,-0.389180399493339,1.0,4.0,338.4,216.0,0.2640449438202247,6.852720450281426,1.45927446954141,-0.7250561088371141,0.8876696639873871,172.29408294129618,0.3026253824256122,62.0,0.0,26.0,36.0,0.41935483870967744,338.0025082847943,-134.43056292950098,0.027570573387953965,-0.010129867417204553,2.5143278501485704,1.8159034473295235,63.68653145068739,0.005679994855926439,-0.0056830219215273405,0.5679994855926437,5258.363953922121,1276.4674914192256,33.33151256027581,3948.564949942618,0.3948564949942619,0.03476324131125108,0.09485554830755683,0.018499912444167228,0.685713779029446,0.5696737543350147,4.0,6.0,404.1290322580645,264.0,0.2934232715008432,6.366460500421704,9.738535249828884,1.7880699386694583,2.2830340562777773,2017.0,0.3102772856798631,1.575638796810121,4.0,3948.564949942618,0.2584911970897015,0.6933434495206838,0.9030075811229916,382.9808655879078,0.08918516553735502,-0.01331620302126513,-563.1211958445449,1251.3685866444746,5.256842933222373,0.20718440710130537,0.5159645185318675,62.0,0.0,783.0802517517486,-0.1940103981811191,0.6575184842976878,6.0,"[4.88, 1.83, 1.5]",1.832516707911077,True,45.0,1.6549581798273278,0.004125213596805345,0.18969055390045608,0.11482938216280192,FAIL,OOS expectancy <= 0; OOS PF < 1.25; max DD at 15% risk ($200) > 50%,0.02564102564102564,0.9565217391304348,0.0,1.0,0.09090909090909091,1.0,0.03125,0.9714285714285714,1.773272221239172
maker,pullback,1d,"{""pb_ema"": 20, ""stop_atr"": 2.0, ""trail_atr"": 3.0}",27.0,0.0,12.0,15.0,0.4444444444444444,371.87290580148897,-116.3223102457452,0.033080515275702195,-0.009778573149938836,3.196918157968679,2.5575345263749436,100.65334133080329,0.009269910594790511,-0.002297531406154125,0.9269910594790509,3225.252911482508,482.61327709189004,24.99941845892852,2717.6402159316885,0.2749790525889686,0.03629193167198275,0.07124408779571656,0.016991468679617306,0.797544654999165,0.46653402703303554,2.0,4.0,496.0,360.0,0.22409638554216868,3.9621333869023703,6.8145106091718,1.8247361717868278,3.1490677680000343,8.0,0.0,3.0,5.0,0.375,480.0222478161989,-107.50162635341613,0.04706011199224324,-0.010062361334187682,4.465255681231329,2.6791534087387974,112.81982646018955,0.011358566163223912,-0.007601553854995979,1.1358566163223913,1083.7115623605284,171.66192045378273,9.491030225229608,902.5586116815164,0.09025586116815143,0.06100439782812361,0.06641431399680786,0.012780250471764539,0.958198093136842,0.8357671001565156,2.0,3.0,663.0,468.0,0.41385767790262173,5.482176360225141,1.45927446954141,0.9357527428355663,3.447694890508808,6.0,0.0,1.0,5.0,0.16666666666666666,106.61757058266627,-117.30803275114468,0.010935859403794344,-0.011938410881045613,0.9088684558272581,0.1817736911654516,-79.98709886217618,-0.008126032500238954,-0.012611801378331192,-0.8126032500238954,-322.45762673235333,150.2874716233279,7.177494817375869,-479.9225931730571,-0.047992259317305774,-0.03314150410017569,0.04821775040817422,0.037368583351593265,-1.428669696713628,-0.7125591242625633,1.0,3.0,320.0,144.0,0.149812734082397,4.1116322701688555,1.45927446954141,-2.0970674393317426,0.2895511180171659,154.46815678480334,0.2306844649244827,40.0,0.0,15.0,25.0,0.375,473.81283736734906,-132.37841443697044,0.039870951505689464,-0.01026729833300996,3.57923034040377,2.1475382042422617,94.94330498964936,0.008534545356502322,-0.008498987215262552,0.8534545356502322,4752.050377128904,905.6508298567521,48.66734768617644,3797.7321995859747,0.37977321995859725,0.03360864587664891,0.0893643181210968,0.017918685467087213,0.6733132780630439,0.4169964833150937,2.0,4.0,527.4,348.0,0.24704890387858347,4.107393871239809,9.738535249828884,1.7316583280344855,2.7101851484189257,2024.0,0.7001371788428973,1.4041417348392533,2.0,3797.732199585975,0.3672642948789092,0.8730775486885115,0.6409644900192989,1363.5207170484803,0.11567897092703829,-0.013209092868691739,-550.0988636649951,1235.2670176805034,5.176335088402517,0.2055801153429202,0.5429653551694402,40.0,0.0,549.9936004890202,-0.25173859328830084,0.4127921816178821,4.0,"[2.8, 2.16, 4.5]",2.8026895877005984,True,27.0,1.6759484702290772,0.00546925491572115,0.1458377495882226,0.08311654852445638,FAIL,OOS expectancy <= 0; OOS PF < 1.25; max DD at 15% risk ($200) > 50%; best year > 50% of net profit,0.06896551724137931,,0.1111111111111111,,0.14285714285714285,,0.09090909090909091,,2.1270305938755496
maker,regime_trend,1d,"{""sma_n"": 200, ""stop_atr"": 5.0, ""vol_pct"": 50}",17.0,0.0,5.0,12.0,0.29411764705882354,490.48649191550555,-30.956399394023894,0.0464227251085373,-0.0028099403417843646,15.84442963383505,6.601845680764604,122.40915687348476,0.011670255378898478,-0.0018320386028018696,1.167025537889848,2185.6383106642047,104.41375395771158,0.26888985725224707,2080.955666849241,0.2090945000763702,0.028254656488480245,0.11341412468201306,0.01806099734607136,0.5213108744742836,0.43399427825137155,1.0,7.0,1540.235294117647,168.0,0.43815261044176707,2.4946765769385295,6.8145106091718,1.4432117833032363,7.887782688033447,6.0,0.0,2.0,4.0,0.3333333333333333,268.09949073608266,-30.385367964066464,0.02661265510387258,-0.002925734569740759,8.823309003634096,4.411654501817048,69.10958493598325,0.0069203953214636875,-0.0018819702065970717,0.6920395321463687,452.4944171806416,37.83690756474212,0.0,414.65750961589947,0.04146575096158989,0.0282331945742631,0.0371181088458139,0.005630814902337174,0.6746936694684283,0.8790014267251082,1.0,3.0,1680.0,240.0,0.7865168539325843,4.1116322701688555,1.45927446954141,0.9651034335236309,5.560498556930594,2.0,0.0,2.0,0.0,1.0,116.93727203586633,0.0,0.01163710207592189,0.0,,inf,116.93727203586633,0.01163710207592189,0.01163710207592189,1.1637102075921888,253.7758357040508,19.637912952417842,0.26337867990026004,233.87454407173266,0.02338745440717327,0.01596838119831534,0.010681235832812885,0.002963263916712434,0.9229124874419788,0.9988184507726484,2.0,0.0,2628.0,2628.0,0.4101123595505618,1.3705440900562853,1.45927446954141,0.0,inf,262.1181374953275,0.128706279677268,24.0,0.0,8.0,16.0,0.3333333333333333,454.9113187325693,-32.56692746265127,0.04112308218956911,-0.002838888898773463,13.9685059099995,6.98425295499975,129.9258212690889,0.011815101464007395,-0.0017269306695053455,1.1815101464007391,3283.7692922478595,165.2119716915065,0.33761009821871196,3118.219710458134,0.311821971045813,0.02826242519199451,0.11341412468201306,0.01827198391708825,0.5588085604929827,0.494920434901453,2.0,7.0,1734.0,264.0,0.4873524451939292,2.4644363227438855,9.738535249828884,1.8463352428056288,8.477007808803423,2021.0,0.38179069491429746,6.392842974928301,2.0,3118.2197104581346,0.43426079133048817,0.8540552523258423,0.7179934520703996,879.358376232337,0.12997953287411168,-0.006348832134108186,-184.09721388935046,2488.7808633247687,11.443904316623843,0.29549415291345005,0.5720396927907447,24.0,0.0,206.83673751775427,-0.3363847064762854,0.622948797975218,7.0,"[4.15, 6.89, 6.65]",6.649827891183755,True,39.0,2.727696432639947,0.004135783907528978,0.1673105136528763,0.04901520048075092,FAIL,< 5 OOS trades; < 30 full-history trades; max DD at 15% risk ($200) > 50%,0.0,1.0,0.0,1.0,0.0,1.0,0.0,1.0,6.063304240537144
maker,hybrid,1d,"{""n"": 20, ""stop_atr"": 3.0, ""trail_atr"": 5.0}",21.0,0.0,10.0,11.0,0.47619047619047616,488.1308719086818,-119.38609331086845,0.04554943918307316,-0.01022830330266905,4.088674470967417,3.7169767917885617,169.9076996508222,0.016332526452446285,-0.006682100454580747,1.6332526452446292,3847.8741836049285,265.7890743471574,14.02341659050449,3568.061692667266,0.3591331248849714,0.046057656374781875,0.1019261755968589,0.021853450222148556,0.7262254676825074,0.5962126309850583,3.0,4.0,1173.7142857142858,888.0,0.41244979919678715,3.081659300924066,6.8145106091718,1.1632511608778389,4.179235334171682,7.0,0.0,2.0,5.0,0.2857142857142857,438.37223174751205,-78.97014080591582,0.04340196151387491,-0.007466670725781249,5.551113715561119,2.220445486224447,68.84196563792072,0.007067224199834797,-0.005126532390882415,0.7067224199834795,573.5395857191647,87.16347755388978,4.482348699829897,481.8937594654451,0.04882359916409906,0.03320574112494867,0.07387707071500937,0.010834740557631903,0.5874393152256288,0.7525330015519048,1.0,3.0,1686.857142857143,576.0,0.9213483146067416,4.796904315196998,1.45927446954141,0.6725429637968974,2.6947877419213446,4.0,0.0,1.0,3.0,0.25,136.0825597334684,-63.71584928887146,0.01360825597334684,-0.006318583642358877,2.135772515822628,0.711924171940876,-13.766247033286495,-0.001336873738432448,-0.0038354471944839316,-0.13368737384324478,6.553302307287673,59.00345616942962,2.614834271004051,-55.06498813314598,-0.005506498813314664,-0.0037767274053991384,0.032932639507917805,0.0050109089452407924,-0.15439063203608655,-0.1161809993644784,1.0,3.0,1170.0,744.0,0.3651685393258427,2.7410881801125706,1.45927446954141,-0.25047102343174904,1.0416784829147414,189.27686458226222,0.27922386732752635,30.0,0.0,12.0,18.0,0.4,596.0081126386392,-118.64035775485587,0.051955876970948944,-0.009257430086689535,5.023654040812643,3.349102693875095,167.21903040254216,0.015227892736365855,-0.00619779075886726,1.522789273636586,5487.801254526243,446.6499648997808,24.58037755019774,5016.570912076265,0.5016570912076261,0.04263222237107556,0.1019261755968589,0.021527663877702403,0.6722200961502401,0.5919866123407395,3.0,4.0,1384.0,900.0,0.48622821810005623,3.080545403429857,9.738535249828884,1.3606221894355193,3.8889572058543838,2021.0,0.5476188075978421,2.22655634108536,2.0,5016.570912076264,0.5911331469013968,1.1687950889745182,1.0247213900501477,-124.01660623166262,0.28257845054023295,-0.011718735535422834,-513.2915660148789,1297.0135215109851,5.485067607554925,0.21163362382230688,0.6492956506190668,30.0,0.0,309.8296071632261,-0.22172656132549373,0.5995607129214906,4.0,"[3.35, 3.33, 1.4]",3.3306518981668227,True,33.0,1.8416647925348704,0.006373734332656377,0.21428286770015137,0.08714238676586328,FAIL,< 5 OOS trades; OOS expectancy <= 0; OOS PF < 1.25; max DD at 15% risk ($200) > 50%; best year > 50% of net profit; unprofitable without its best few trades,0.045454545454545456,,0.0,,0.2,,0.0625,,3.3544650006847734
taker,ema_trend,2d,"{""exit_rule"": ""price"", ""pair"": [20, 50], ""stop_atr"": 3.0}",29.0,0.0,9.0,20.0,0.3103448275862069,577.8903829467843,-32.417855034732305,0.05131056540860094,-0.0024961718129104552,17.82629918998761,8.021834635494425,156.98814985608317,0.014202470773075838,-0.0014564433726398434,1.4202470773075841,4962.154715135286,398.4305440613865,11.06782524748675,4552.656345826412,0.4566466958900166,0.05681861707492564,0.06646439807520488,0.01923168107261322,0.9795119437146667,0.5619034532506431,2.0,9.0,698.4827586206897,288.0,0.3392282958199357,4.260760257441673,6.806297056810404,1.4388504472356893,12.748433522382365,10.0,0.0,3.0,7.0,0.3,209.36009991184173,-42.52924022317479,0.020798414894314263,-0.004126274285576347,4.9227331316809755,2.109742770720418,33.037561817330165,0.0033511324683908354,-0.0026759506097368217,0.3351132468390835,449.92708240435564,116.32031621572968,3.231148015324238,330.37561817330163,0.033037561817329975,0.02256649960022239,0.029319356429480692,0.008385209270795974,0.8094015838168285,0.6419583457785489,1.0,3.0,552.0,216.0,0.4307116104868914,6.8656015037593985,1.4565366187542779,0.7215655792909468,3.061762387976128,9.0,0.0,3.0,6.0,0.3333333333333333,38.593567583285335,-35.7672228632033,0.003874851682520141,-0.0035813408218388805,1.0790205247662583,0.5395102623831292,-10.980292714373755,-0.0010959433203858737,-0.002770286530866671,-0.10959433203858733,43.69317877626935,138.66403181332754,3.851781392305595,-98.8226344293638,-0.009882263442936745,-0.00679532189377674,0.032391260243195275,0.007597612768412595,-0.3726208560825132,-0.23239800948200207,2.0,6.0,453.3333333333333,288.0,0.31835205992509363,6.179041353383459,1.4565366187542779,-0.8322252085115565,1.3693398005969757,179.71634812469097,0.3109098164999653,48.0,0.0,15.0,33.0,0.3125,443.62928320433315,-43.087119254001806,0.03729677132520899,-0.0030392545814629337,10.296099875907348,4.680045398139704,109.01175651422788,0.00956575351437204,-0.0018626444700934274,0.9565753514372042,6042.533482250745,788.0777434794766,21.891426088329986,5232.564312682938,0.5232564312682946,0.0442004163626557,0.06646439807520488,0.018669598203897634,0.8768623382971202,0.5396469226019975,2.0,9.0,663.0,288.0,0.3728908886389201,4.933033202025886,9.730321697467488,1.5687505092345673,7.439558937423371,2021.0,0.5757962585414295,2.8294752211861156,3.0,5232.564312682938,0.5899758933333931,0.8809493195501795,0.8809493195501795,622.9403419223509,0.2714134120653214,-0.007720750563099878,-331.29901909668763,4845.380144929875,23.226900724649376,0.3876067447484648,0.41288466114380007,48.0,0.0,2436.6322479286,-0.20563997903894282,0.6075585164860979,9.0,"[3.29, 4.24, 5.7]",4.236012193448363,True,38.0,2.6710621046503915,0.0067145930127287794,0.2663619592336477,0.06404213261192948,FAIL,OOS expectancy <= 0; OOS PF < 1.25; best year > 50% of net profit,,,,,,,,,
taker,breakout,2d,"{""n"": 20, ""stop_atr"": 3.0, ""trend_filter"": ""none""}",18.0,0.0,9.0,9.0,0.5,520.4657858450105,-78.02133455283142,0.04723923845836815,-0.0063386094700319615,6.6708136797196405,6.670813679719641,221.22222564608953,0.020450314494168086,0.0005842678733684858,2.0450314494168094,4252.763862487395,262.5811262999207,8.182674557862484,3982.0000616296115,0.39925515146331936,0.05059560203528424,0.0887323316240951,0.02468637246858613,0.7966371750506808,0.471742167295908,4.0,2.0,1392.0,1104.0,0.41961414790996787,2.6446098149637973,6.806297056810404,1.3668746278801616,8.096481512667802,3.0,0.0,3.0,0.0,1.0,140.82932213475945,0.0,0.013913873111420672,0.0,,inf,140.82932213475945,0.013913873111420672,0.016769100035896024,1.3913873111420674,468.71141073683606,44.97413355057828,1.2493107819794491,422.4879664042784,0.04224879664042791,0.028817750635076633,0.021742182370434793,0.006930633265827412,0.8227088454394788,0.7607163056039249,3.0,0.0,2832.0,3072.0,0.6629213483146067,2.0596804511278197,1.4565366187542779,2.781506467227296,inf,7.0,0.0,2.0,5.0,0.2857142857142857,64.84333638164169,-87.83340283486083,0.006506321688934479,-0.008830892651123889,0.7382537199834589,0.29530148799338357,-44.21147734443152,-0.004448831411107214,-0.005590715082822249,-0.44488314111072136,-201.47386541020086,103.85897110505002,4.147504895769838,-309.4803414110207,-0.030948034141102254,-0.02135216380055216,0.04678189035148206,0.008611505389370262,-1.145593886594796,-0.5572032281047672,1.0,4.0,637.7142857142857,384.0,0.34831460674157305,4.805921052631579,1.4565366187542779,-1.359850578297879,0.4401909696102279,141.61179470208356,0.43317382588347153,27.0,0.0,13.0,14.0,0.48148148148148145,429.7200810976316,-96.24907161815797,0.03755855965215684,-0.007228710606136221,4.464667283258889,4.145762477311825,156.99533524499995,0.01433553062933821,-0.0005812263993496347,1.4335530629338211,4712.244372691145,457.9067692315216,15.463551844624522,4238.874051614998,0.4238874051614996,0.03698607949349686,0.0887323316240951,0.02468637246858613,0.6741709195627967,0.4190279294784506,4.0,4.0,1422.2222222222222,1008.0,0.4499437570303712,2.774831176139561,9.730321697467488,1.4157084895188672,5.136505032518866,2021.0,0.6972746009415804,1.9680910924656505,2.0,4238.874051614998,0.6965786590587736,0.974022176470214,0.8565732688704367,607.9678488930672,0.26095608392225145,-0.011880000154097846,-515.1508207191116,2666.259755389059,12.331298776945296,0.3049830126693327,0.5049992810728607,27.0,0.0,896.8535069787442,-0.23101614111835145,0.6075585164860979,4.0,"[2.99, 6.35, 4.41, 6.19]",5.30067691645809,False,33.0,1.8314609353291957,0.004756478149757015,0.15861089113153004,0.05861653538743283,FAIL,validation gate; OOS expectancy <= 0; OOS PF < 1.25; < 30 full-history trades; max DD at 15% risk ($200) > 50%; best year > 50% of net profit,,,,,,,,,
taker,pullback,2d,,,,,,,,,,,,,,,,,,,,,,,,,,,,,,,,,,,,,,,,,,,,,,,,,,,,,,,,,,,,,,,,,,,,,,,,,,,,,,,,,,,,,,,,,,,,,,,,,,,,,,,,,,,,,,,,,,,,,,,,,,,,,,,,,,,,,,,,,,,,,,,,,,,,,,,,,,,,,,,,,,,,,,,,,,FAIL,no parameter set with >= 15 train trades and PF > 1 after costs,,,,,,,,,
taker,regime_trend,2d,"{""sma_n"": 100, ""stop_atr"": 3.0, ""vol_pct"": 100}",15.0,0.0,4.0,11.0,0.26666666666666666,557.2497904737962,-38.38116315852171,0.05351239437410789,-0.0034914489505441996,14.518835402987804,5.2795765101773835,120.4537578100964,0.01170957593602969,-0.0018862155127256303,1.1709575936029688,1974.146731376516,162.8175316289834,4.522832596086969,1806.806367151446,0.18183334540193075,0.02484966501353081,0.11877151830151267,0.027901556542708452,0.4900474461482758,0.27820306049557986,2.0,6.0,1584.0,336.0,0.3979099678456592,2.2038415124698307,6.806297056810404,1.2459223791011678,6.889822034309454,6.0,0.0,1.0,5.0,0.16666666666666666,101.67430427247909,-28.739907686968856,0.010274153658877669,-0.0028810506464249526,3.537739417255675,0.7075478834511351,-7.004205693727532,-0.0006885165955411825,-0.0021570529519326295,-0.06885165955411826,20.383119180963877,60.721639851292444,1.68671349203662,-42.025234162365194,-0.004202523416236503,-0.0028871889175769994,0.03149568871157771,0.009659716009365812,-0.0979090168835942,-0.0678240447797533,1.0,3.0,728.0,96.0,0.3408239700374532,4.1193609022556394,1.4565366187542779,-0.2997791545162856,1.2159666115586139,5.0,0.0,2.0,3.0,0.4,100.96467570562805,-32.45500858497238,0.0101100471799651,-0.0032314689466434415,3.110912001187319,2.0739413341248794,20.912865131267786,0.002105137503999975,-0.002977488926115102,0.2105137503999975,173.67006121477633,67.23800241475944,1.8677331436779507,104.56432565633894,0.010456432565634,0.00716725904533444,0.02140683928209053,0.005439960362263537,0.4102131044190101,0.31835574381364223,1.0,3.0,1084.8,144.0,0.4232209737827715,3.4328007518796992,1.4565366187542779,0.6255697233532292,3.9569676559139233,219.92143921890272,0.25239987037668377,26.0,0.0,7.0,19.0,0.2692307692307692,485.33811945322066,-38.17218344665058,0.04462054698704577,-0.0032897683435811204,12.714444803282708,4.684269138051524,102.77289810331473,0.009609162706972275,-0.002038126799123029,0.9609162706972274,3012.0440042672417,330.7606689680822,9.187984612975278,2672.095350686183,0.26720953506861833,0.0246366599406187,0.11877151830151267,0.029997926074505743,0.5095840279067125,0.32589087518616683,2.0,6.0,1524.923076923077,240.0,0.4645669291338583,2.672059651097355,9.730321697467488,1.533456731408383,6.691164659633198,2021.0,0.42144539786637397,4.199994166257349,2.0,2672.0953506861833,0.5120710084629789,1.047112824177122,0.880702511733338,318.7742637458866,0.13330264552133983,-0.007720750563099876,-236.2360486918095,1266.2676921693396,5.331338460846698,0.2088458336201151,0.5686193565484912,26.0,0.0,309.63268263845896,-0.32779780000005265,0.6075585164860979,6.0,"[10.0, 5.14, 4.94]",5.140706533182074,False,10.0,6.78491855808236,0.011001755127768525,0.11422335706211584,0.02473513273477357,FAIL,validation gate; < 20 walk-forward trades; < 30 full-history trades; max DD at 15% risk ($200) > 50%,,,,,,,,,
taker,hybrid,2d,"{""n"": 20, ""stop_atr"": 3.0, ""trail_atr"": 3.0}",21.0,0.0,7.0,14.0,0.3333333333333333,222.7983551465397,-67.22430489727928,0.022656444935970903,-0.0065623017949387385,3.314253014396834,1.6571265071984167,29.449915117327038,0.0031772804486978083,-0.003827787674742402,0.31772804486978085,804.2375202091129,176.34277152516395,9.446531220081134,618.4482174638678,0.06287544310588555,0.008999296768760212,0.08445772918012251,0.01863013734253796,0.33672077077279605,0.1976724858343936,2.0,4.0,1158.857142857143,1104.0,0.407556270096463,3.0853781174577635,6.806297056810404,0.5476317560341786,1.9615376489499512,8.0,0.0,3.0,5.0,0.375,169.58076872102484,-68.95515079615112,0.016880200386565947,-0.006735042188980718,2.4592908109554936,1.4755744865732965,20.49581902278988,0.002120673776849281,-0.004071262129218417,0.2120673776849281,257.71300752230985,88.98100978581007,4.765445554180783,163.96655218231905,0.016847599715737127,0.011536573002442374,0.04605745229930147,0.009698141594216808,0.39782909743152717,0.37860507385551206,2.0,3.0,1278.0,984.0,0.797752808988764,5.492481203007519,1.4565366187542779,0.4264597157508397,1.871785330952161,3.0,0.0,1.0,2.0,0.3333333333333333,148.34824456681653,-70.56486594374526,0.014834824456681652,-0.006968354328470307,2.102296129706824,1.051148064853412,2.4061708931086705,0.0002993719332470129,-0.0026649274393872346,0.029937193324701312,51.0651968473813,41.52631092708171,2.320373240973587,7.218512679326011,0.0007218512679325606,0.0004955382669424857,0.02254233435262787,0.005126724008524347,0.03857535463510313,0.019912281627080686,1.0,2.0,1392.0,720.0,0.3258426966292135,2.0596804511278197,1.4565366187542779,0.03897721625806979,1.4593676317337452,200.8415060669692,0.25998551329682895,30.0,0.0,10.0,20.0,0.3333333333333333,236.42887266988822,-71.4872678203673,0.023349430051241942,-0.006810381802768444,3.3072864564356417,1.6536432282178208,31.15144567638453,0.0032428888152350194,-0.004216823000775881,0.324288881523502,1241.0963522341087,290.1205582512857,16.43242369128702,934.5433702915359,0.09345433702915407,0.009224075184705693,0.08445772918012251,0.01863013734253796,0.35252033961986057,0.22348041978568878,2.0,4.0,1312.0,1056.0,0.4611923509561305,3.083145751266179,9.730321697467488,0.74388483639242,1.9935369282956725,2021.0,1.078480507837564,0.941662789050674,2.0,934.5433702915361,1.1866525794028866,1.884794644141702,1.5762612621159993,-538.5411420663402,0.11432591284067024,-0.01127178121755338,-342.3577567605903,276.3010467707159,0.3815052338535796,0.033770759882272516,0.6099654690302608,30.0,0.0,90.07619740644238,-0.19338752958995375,0.5045651731064171,4.0,"[1.65, 1.53, 3.4]",1.6536432282178208,True,25.0,1.3164677993341234,0.0017134626952366072,0.0396595401152291,0.05758901660252691,FAIL,< 5 OOS trades; OOS PF < 1.25; max DD at 15% risk ($200) > 50%; best year > 50% of net profit; PF without best year <= 1; unprofitable without its best few trades; walk-forward PF 1.32 < 1.5,,,,,,,,,
maker,ema_trend,2d,"{""exit_rule"": ""price"", ""pair"": [20, 50], ""stop_atr"": 3.0}",29.0,0.0,9.0,20.0,0.3103448275862069,588.6091211637241,-28.17687671188343,0.05200415730029141,-0.002164428382378191,20.889792973948804,9.400406838276961,163.23946745640862,0.014646512001898582,-0.0011592906798883018,1.4646512001898582,4964.162241310516,229.76851232943483,0.4491727452320528,4733.94455623585,0.474792191249108,0.05874263057258933,0.06362661933409464,0.017719843682887697,1.0111116638413262,0.5779147506637023,2.0,9.0,744.8275862068965,336.0,0.3617363344051447,4.260760257441673,6.806297056810404,1.4759257012304305,12.252455811384632,10.0,0.0,3.0,7.0,0.3,215.38733025691081,-42.91228689581758,0.021400631140948655,-0.004162754272511163,5.019246137588239,2.151105487537817,34.577598250000946,0.0035062613515267826,-0.0022130685918075764,0.3506261351526782,412.89342354271264,66.69401096618216,0.4234300765211366,345.77598250000943,0.03457759825000095,0.02361286560794773,0.03001565998687672,0.008232385100254286,0.8426988607416837,0.6559515863916645,1.0,3.0,600.0,264.0,0.4681647940074906,6.8656015037593985,1.4565366187542779,0.7336144770500582,2.6194039386959775,8.0,0.0,3.0,5.0,0.375,44.297253353265965,-29.960630656491396,0.0044331669913574,-0.0029867249717464273,1.4785153844439631,0.8871092306663779,-2.113924152832384,-0.00020426548558249188,-0.0018602168400685777,-0.02042654855824918,53.75758839293252,70.44109121809045,0.22789039750117265,-16.911393222659072,-0.0016911393222659443,-0.0011613768196159224,0.026054354538054825,0.006485373441372677,-0.0696939377895486,-0.051194756199257015,2.0,5.0,522.0,384.0,0.3258426966292135,5.492481203007519,1.4565366187542779,-0.14159105884106438,1.4989309769253383,197.0232102167157,0.2604130094663022,47.0,0.0,15.0,32.0,0.3191489361702128,455.4642662080847,-39.0786321750696,0.03798269059621262,-0.002730046012933566,11.655071860438614,5.4633149345806,118.75420773444777,0.010263380564453516,-0.0016254164317046189,1.0263380564453515,6018.577444006133,436.061506274272,1.0681742128167477,5581.447763519045,0.5581447763519041,0.046633420260386416,0.06362661933409464,0.017140486151935367,0.9251994505298617,0.5642523637667903,2.0,9.0,718.9787234042553,336.0,0.39595050618672667,4.83026167698368,9.730321697467488,1.6396405822790274,7.021304155390987,2021.0,0.5514436468356276,3.3521589402540846,3.0,5581.447763519045,0.5594880555680297,0.8352290194338998,0.8352290194338998,919.6606209734998,0.27324085698036504,-0.010856694901160962,-371.8235657138814,6296.533650491228,30.482668252456143,0.4254733293952453,0.4019305981720106,47.0,0.0,1568.3184273339807,-0.19909418067068163,0.6075585164860979,9.0,"[3.64, 5.13, 5.88]",5.130738074188472,True,37.0,3.517203748985496,0.007939194283510776,0.3161186211289577,0.050664279827144276,FAIL,OOS expectancy <= 0; OOS PF < 1.25; best year > 50% of net profit,0.0,0.9642857142857143,0.0,1.0,0.1111111111111111,1.0,0.020833333333333332,0.9777777777777777,4.680045398139704
maker,breakout,2d,"{""n"": 20, ""stop_atr"": 3.0, ""trend_filter"": ""none""}",18.0,0.0,9.0,9.0,0.5,529.7494671132994,-73.83694914509468,0.04789700770310893,-0.005988115498070253,7.174584990941395,7.174584990941395,227.95625898410233,0.020954446102519342,0.0009382344144471142,2.0954446102519335,4263.03403784911,158.19894778613633,1.622428349131737,4103.212661713842,0.4113852267561058,0.05192878880938845,0.0848443442571567,0.024381626933983533,0.8168868444724501,0.4865439368901976,4.0,2.0,1440.0,1152.0,0.4340836012861736,2.6446098149637973,6.806297056810404,1.3933831749817391,8.093334513813915,3.0,0.0,3.0,0.0,1.0,148.03499475687764,0.0,0.01461417592393355,0.0,,inf,148.03499475687764,0.01461417592393355,0.01739833648260738,1.461417592393355,469.10857875267436,25.00359448204142,0.0,444.10498427063294,0.04441049842706346,0.03028228766953789,0.02139617041381925,0.006851605937260308,0.8636132409957918,0.7930160131767251,3.0,0.0,2880.0,3120.0,0.6741573033707865,2.0596804511278197,1.4565366187542779,2.9307257118437637,inf,7.0,0.0,1.0,6.0,0.14285714285714285,120.72138753385806,-76.3892641658303,0.012072138753385806,-0.007686980861445847,1.5803449457477297,0.26339082429128824,-48.23059963730339,-0.004864249487898468,-0.006548686806171429,-0.48642494878984693,-265.12595596315794,70.40055080526717,2.0876906926986325,-337.61419746112375,-0.03376141974611235,-0.02330373785140094,0.04979279175388207,0.009041136658657276,-1.2985641321637456,-0.6127488592158996,1.0,6.0,644.5714285714286,384.0,0.352059925093633,4.805921052631579,1.4565366187542779,-1.5347184281973856,0.32380641021738477,137.09843720265275,0.45295056083821306,27.0,0.0,12.0,15.0,0.4444444444444444,474.1870685020965,-89.66664739982846,0.04124952899923388,-0.006667661643420491,5.288332755296075,4.23066620423686,160.93500411213824,0.014628867531092564,-0.0012000646503419923,1.4628867531092562,4631.785629668589,282.1044212506134,4.436097390243214,4345.2451110277325,0.43452451110277335,0.03777957140668642,0.0848443442571567,0.024381626933983533,0.6886122967767562,0.42946420783724937,4.0,6.0,1461.3333333333333,1056.0,0.46231721034870643,2.774831176139561,9.730321697467488,1.4354717436331488,4.88944197958539,2021.0,0.6896921080271332,2.015493797238657,2.0,4345.2451110277325,0.6865533883628991,0.9609528263735627,0.8448813046758674,674.0287524861869,0.2626947340529959,-0.011437340554700347,-503.1838037633691,2930.0913784810427,13.650456892405213,0.31769926168879103,0.4985892940444149,27.0,0.0,623.4787560458913,-0.23024843909234227,0.6075585164860982,6.0,"[3.25, 6.52, 4.43, 6.7]",5.474552537691979,False,33.0,1.8280114969256624,0.004842814383064038,0.16169591501123093,0.06464795960691339,FAIL,validation gate; OOS expectancy <= 0; OOS PF < 1.25; < 30 full-history trades; best year > 50% of net profit,0.0,1.0,0.0,1.0,0.2222222222222222,1.0,0.06896551724137931,1.0,4.145762477311825
maker,pullback,2d,,,,,,,,,,,,,,,,,,,,,,,,,,,,,,,,,,,,,,,,,,,,,,,,,,,,,,,,,,,,,,,,,,,,,,,,,,,,,,,,,,,,,,,,,,,,,,,,,,,,,,,,,,,,,,,,,,,,,,,,,,,,,,,,,,,,,,,,,,,,,,,,,,,,,,,,,,,,,,,,,,,,,,,,,,FAIL,no parameter set with >= 15 train trades and PF > 1 after costs,,,,,,,,,
maker,regime_trend,2d,,,,,,,,,,,,,,,,,,,,,,,,,,,,,,,,,,,,,,,,,,,,,,,,,,,,,,,,,,,,,,,,,,,,,,,,,,,,,,,,,,,,,,,,,,,,,,,,,,,,,,,,,,,,,,,,,,,,,,,,,,,,,,,,,,,,,,,,,,,,,,,,,,,,,,,,,,,,,,,,,,,,,,,,,,FAIL,no parameter set with >= 15 train trades and PF > 1 after costs,,,,,,,,,
maker,hybrid,2d,"{""n"": 20, ""stop_atr"": 3.0, ""trail_atr"": 3.0}",21.0,0.0,7.0,14.0,0.3333333333333333,225.38450576814628,-65.55749335220968,0.02287005908575943,-0.006389449998754229,3.4379671070896656,1.7189835535448326,31.42317302124232,0.003363719696083658,-0.0036748236808012025,0.33637196960836585,805.9942640706407,138.99769488398584,7.109935740566386,659.8866334460887,0.06702294369869133,0.009576810531015445,0.08266998581175322,0.018204087556777507,0.35764486537528084,0.20999197017371704,2.0,4.0,1158.857142857143,1104.0,0.407556270096463,3.0853781174577635,6.806297056810404,0.579330344359603,1.9614104859202213,8.0,0.0,3.0,5.0,0.375,172.54573452738603,-66.64232020394734,0.0171632478503432,-0.006501757395219461,2.5891315608361105,1.5534789365016664,23.053200320302672,0.002372619571866536,-0.0038533894647346315,0.23726195718665355,257.7574902422898,69.76756843348294,3.564319246385484,184.42560256242137,0.01889431727175417,0.012933987778682488,0.04516046267757967,0.00953971994016195,0.44414913283955115,0.42142943744066,2.0,3.0,1278.0,984.0,0.797752808988764,5.492481203007519,1.4565366187542779,0.47695102352318147,1.8715772003301276,3.0,0.0,1.0,2.0,0.3333333333333333,150.81744437532055,-67.01459563187782,0.015081744437532055,-0.006614301073675144,2.2505163681623257,1.1252581840811628,5.596084370521633,0.000617714096727256,-0.002263453314107115,0.06177140967272554,50.9397252519539,32.40120486044817,1.7502672799408248,16.7882531115649,0.0016788253111565954,0.0011523115216782731,0.02184351899016468,0.0050388110326332475,0.07878455487342177,0.04077568319676494,1.0,2.0,1392.0,720.0,0.3258426966292135,2.0596804511278197,1.4565366187542779,0.08068526577592276,1.4588519772975692,203.1544297731799,0.2535008660801328,30.0,0.0,10.0,20.0,0.3333333333333333,239.34964434400177,-69.51976777991283,0.023568783684358878,-0.006606159841393819,3.4429005157459676,1.7214502578729836,33.4367029280587,0.003452154667190414,-0.004032851114909555,0.3452154667190414,1244.476602194558,228.78002672131595,12.595487631481003,1003.101087841761,0.10031010878417601,0.009872556789605857,0.08266998581175322,0.018204087556777507,0.376498089337513,0.238650706966845,2.0,4.0,1312.0,1056.0,0.4611923509561305,3.083145751266179,9.730321697467488,0.7913851394802423,1.9934234032601907,2021.0,1.0168311531291265,0.9861899054328772,2.0,1003.101087841761,1.1098016418211594,1.7691209796224268,1.477799289046514,-479.28098661257815,0.11456511681899358,-0.010965148833243172,-335.9165115602259,302.5081904810163,0.5125409524050815,0.04344311326874983,0.5983167613744684,30.0,0.0,74.10822087552214,-0.18988846885504762,0.5034735932029362,4.0,"[1.72, 1.6, 3.5]",1.7214502578729836,True,25.0,1.3884860530144087,0.0019982056213428802,0.047058050512085225,0.05492816627651098,FAIL,< 5 OOS trades; OOS PF < 1.25; max DD at 15% risk ($200) > 50%; best year > 50% of net profit; PF without best year <= 1; unprofitable without its best few trades; walk-forward PF 1.39 < 1.5,0.0,,0.0,,0.0,,0.0,,1.6536432282178208
taker,ema_trend,3d,"{""exit_rule"": ""price"", ""pair"": [20, 50], ""stop_atr"": 3.0}",29.0,0.0,8.0,21.0,0.27586206896551724,430.2244687479305,-37.13082976262066,0.0402661200174806,-0.0031723994934977316,11.58671840889035,4.413987965291562,91.79476982649687,0.008810640371599739,-0.0018875234641012768,0.8810640371599742,2944.2352151802843,274.1766135549375,8.010276656937219,2662.0483249684094,0.2671708406741897,0.035430593514420794,0.07279862942068727,0.020445163960045705,0.752507571688421,0.3940173801504243,2.0,9.0,759.7241379310345,288.0,0.3691194209891435,4.264190821256038,6.80082135523614,1.2367283086478862,5.835132622148347,8.0,0.0,2.0,6.0,0.25,244.496010013146,-27.33872205521719,0.024363348954891034,-0.002688919029732959,8.943212836332544,2.981070945444181,40.6199609618736,0.004074147966423039,-0.0019739887961465917,0.40741479664230384,397.8047431654484,70.87624599664503,1.968809473814527,324.9596876949888,0.032495968769499006,0.022240668527997443,0.026419342207109398,0.005974434092917155,0.9689610753780932,0.8783181014701605,1.0,6.0,828.0,288.0,0.5168539325842697,5.502824858757062,1.4537987679671458,0.9133655873601952,4.3022902820697375,6.0,0.0,3.0,3.0,0.5,21.525531747813577,-38.518894968817044,0.002156544949218985,-0.0038504034318643954,0.558830458797937,0.558830458797937,-8.496681610501733,-0.0008469292413227054,-0.0008837659144058051,-0.08469292413227053,24.59431671235535,73.53185335610672,2.042553019259041,-50.9800896630104,-0.005098008966301304,-0.0035094776880072454,0.02113032437001139,0.004654406762036253,-0.24647961766639576,-0.11531259029427973,2.0,3.0,648.0,396.0,0.30337078651685395,4.127118644067797,1.4537987679671458,-0.6280919278521697,1.3275877673085474,188.26015560305453,0.25635030172129447,43.0,0.0,13.0,30.0,0.3023255813953488,336.20946152294204,-38.152262867989705,0.030338771207213497,-0.003143503794581444,8.812307219790798,3.818666461909346,75.02686311066408,0.006979044461775166,-0.0018875234641012768,0.6979044461775167,3704.594512840138,465.1249543252363,13.314444756346573,3226.155113758555,0.3226155113758553,0.02916958832842842,0.07279862942068727,0.020445163960045705,0.7082448521795833,0.39135601169991857,3.0,9.0,805.3953488372093,288.0,0.4059071729957806,4.421663851351351,9.724845995893224,1.4235042491842944,5.278784535068764,2021.0,0.6196117317752234,2.25748299748336,3.0,3226.1551137585548,0.6500526770779183,0.9561643919537237,0.9561643919537237,141.4204710632098,0.1954805788137357,-0.011276468129706119,-269.98345366100205,2116.015920433389,9.580079602166945,0.27452269793597095,0.4553708859538945,43.0,0.0,697.2953427680562,-0.16382553886565654,0.576156840287755,9.0,"[4.01, 3.75, 10.0]",4.006706338863846,True,32.0,2.2891552286626604,0.0036933544876467496,0.11850933604824077,0.030987646808132818,FAIL,OOS expectancy <= 0; OOS PF < 1.25; best year > 50% of net profit,,,,,,,,,
taker,breakout,3d,"{""n"": 10, ""stop_atr"": 3.0, ""trend_filter"": ""none""}",21.0,0.0,11.0,10.0,0.5238095238095238,352.0248787361941,-56.835611177710916,0.032033049050436545,-0.004720531770585212,6.193737894988043,6.813111684486848,157.32940734862026,0.01453134389756904,0.002213621782466162,1.4531343897569042,3525.1472770534897,215.1706488456918,6.059073886771446,3303.917554321026,0.33146781775020906,0.04299377024350126,0.06426607092704606,0.020582192411384495,0.8381090116899188,0.4709784652650818,5.0,3.0,1446.857142857143,1008.0,0.5090470446320868,3.0878623188405796,6.80082135523614,1.499633475061262,8.3263833045984,5.0,0.0,3.0,2.0,0.6,124.0556770387408,-65.2662277662306,0.012337455510581602,-0.006413471743236657,1.9007637071209507,2.851145560681426,48.32691511675224,0.004837084609054299,0.004829808328605145,0.48370846090542996,296.6911398747892,53.56853099789011,1.4880332931378724,241.6345755837612,0.024163457558376233,0.01655888071879308,0.027465251858985296,0.007196163291812963,0.6167200887596778,0.5042271032836017,2.0,2.0,1584.0,1440.0,0.6179775280898876,3.439265536723164,1.4537987679671458,0.9609185661874972,3.62210832491058,7.0,0.0,2.0,5.0,0.2857142857142857,74.68237989197573,-68.96015384683164,0.007524874243079056,-0.00691679136347579,1.0829787308458418,0.4331914923383367,-27.91942992145811,-0.0027906011901744046,-0.005380408476069776,-0.2790601190174404,-116.68289536346416,76.26479357713285,2.488320509609776,-195.43600945020677,-0.01954360094502061,-0.013484485884146191,0.034817792066019204,0.006389696148986657,-0.8880759386705182,-0.45566820673778224,1.0,4.0,689.1428571428571,360.0,0.37640449438202245,4.814971751412429,1.4537987679671458,-0.9662885374906955,0.5972681639028126,147.48980090254096,0.401780824643993,32.0,0.0,15.0,17.0,0.46875,312.70001025599925,-71.60676608990195,0.02754735924678251,-0.005565659882923786,4.366905913100529,3.853152276265172,108.53703532223925,0.009956067834126038,-0.0020928063874320543,0.9956067834126039,3859.5567821128616,375.3547446849002,11.016907116305344,3473.185130311656,0.34731851303116557,0.031129827513765695,0.06426607092704606,0.020582192411384495,0.7003185977674454,0.4049778386841576,5.0,4.0,1359.0,900.0,0.509704641350211,3.2905405405405403,9.724845995893224,1.5246300871732577,4.709865529693586,2021.0,0.6474023641362916,2.006014747370258,2.0,3473.1851303116564,0.6243161672544757,0.9121599456274815,0.7741731157241171,784.3385764916073,0.19548057881373565,-0.01148360737498196,-377.28160622310855,2715.2114972915865,12.576057486457932,0.3076226284759649,0.4268338529672495,32.0,0.0,912.9427092530818,-0.16318029081573426,0.576156840287755,4.0,"[8.17, 3.87, 5.87]",5.871989071141307,True,21.0,2.2514915250247705,0.006222832057738861,0.13136965997559802,0.04565824292739751,FAIL,OOS expectancy <= 0; OOS PF < 1.25; best year > 50% of net profit,,,,,,,,,
taker,pullback,3d,,,,,,,,,,,,,,,,,,,,,,,,,,,,,,,,,,,,,,,,,,,,,,,,,,,,,,,,,,,,,,,,,,,,,,,,,,,,,,,,,,,,,,,,,,,,,,,,,,,,,,,,,,,,,,,,,,,,,,,,,,,,,,,,,,,,,,,,,,,,,,,,,,,,,,,,,,,,,,,,,,,,,,,,,,FAIL,no parameter set with >= 15 train trades and PF > 1 after costs,,,,,,,,,
taker,regime_trend,3d,"{""sma_n"": 100, ""stop_atr"": 5.0, ""vol_pct"": 100}",17.0,0.0,5.0,12.0,0.29411764705882354,158.7197648016018,-19.73101439937014,0.01572403997561401,-0.0019047413738842798,8.044176624120679,3.3517402600502835,32.75450889503338,0.003280194317144628,-0.0007142117559758708,0.3280194317144629,642.2052661385347,83.0710457368909,2.3075691860764067,556.8266512155675,0.056065163817942576,0.00805332902444822,0.07647137695459327,0.013819586158122201,0.3162461203594973,0.1572963185767155,1.0,5.0,1579.764705882353,216.0,0.4499396863691194,2.49969806763285,6.80082135523614,0.9764345497403171,4.493631727099328,1.0,0.0,1.0,0.0,1.0,72.64835930029795,0.0,0.007264835930029795,0.0,,inf,72.64835930029795,0.007264835930029795,0.007264835930029795,0.7264835930029796,77.82568579957274,5.037394023408069,0.13993247586671959,72.64835930029795,0.0072648359300298004,0.004991491900281364,0.011849173779928668,0.002111272199605151,0.4929014305483628,0.27766460204202936,1.0,0.0,5040.0,5040.0,0.39325842696629215,0.6878531073446328,1.4537987679671458,0.0,inf,2.0,0.0,1.0,1.0,0.5,31.847984875939417,-25.470531608109148,0.003192931052724034,-0.002547053160810915,1.2503855579441403,1.2503855579441403,3.1887266339151346,0.00032293894595655944,0.00032293894595655944,0.03229389459565593,20.280028332328122,13.526828559239341,0.3757465052585114,6.377453267830269,0.000637745326783179,0.0004386314533220137,0.003722807100670966,0.0026443074715857273,0.09927825759941437,0.03734923177810103,1.0,1.0,468.0,468.0,0.07303370786516854,1.3757062146892656,1.4537987679671458,0.0,2.0351557730574594,201.5716682448852,0.05521161197129454,21.0,0.0,8.0,13.0,0.38095238095238093,148.84522024088542,-20.35261473542976,0.014508797166823975,-0.0019541499728786362,7.313321761148271,4.500505699168167,44.10370335078555,0.004317448937484263,-0.0005965266896978002,0.4317448937484264,1039.9206499679387,110.66868448190392,3.074195119538339,926.1777703664966,0.09261777703664964,0.0091498686512137,0.07647137695459327,0.013819586158122201,0.37927495279952406,0.20974241951232914,3.0,5.0,2163.4285714285716,576.0,0.5324894514767933,2.15941722972973,9.724845995893224,1.4146629899180647,6.072724823035266,2021.0,0.5475467358114408,2.831828012161105,2.0,926.1777703664961,0.5825633594704844,1.1010955673940017,0.951271896614973,45.13088614733286,0.05362359683054573,-0.006243580415441822,-124.31790986948651,552.9082491295907,1.7645412456479534,0.11022712076197894,0.49748936197215365,21.0,0.0,52.43795183414811,-0.25992621210619005,0.31434276282216067,5.0,"[5.81, 5.01, 4.21]",5.005853288012405,False,6.0,1.291392172984638,0.0009475834596646739,0.005468584854727121,0.01876709589936476,FAIL,validation gate; < 5 OOS trades; < 20 walk-forward trades; < 30 full-history trades; best year > 50% of net profit; OOS PF 1.25 < 1.5; walk-forward PF 1.29 < 1.5,,,,,,,,,
taker,hybrid,3d,,,,,,,,,,,,,,,,,,,,,,,,,,,,,,,,,,,,,,,,,,,,,,,,,,,,,,,,,,,,,,,,,,,,,,,,,,,,,,,,,,,,,,,,,,,,,,,,,,,,,,,,,,,,,,,,,,,,,,,,,,,,,,,,,,,,,,,,,,,,,,,,,,,,,,,,,,,,,,,,,,,,,,,,,,FAIL,no parameter set with >= 15 train trades and PF > 1 after costs,,,,,,,,,
maker,ema_trend,3d,"{""exit_rule"": ""price"", ""pair"": [20, 50], ""stop_atr"": 3.0}",28.0,0.0,7.0,21.0,0.25,412.21398787654334,-32.253992546338885,0.039742234699190505,-0.0028596849730700884,12.78024688832928,4.26008229610976,78.86300255938168,0.007790794944995059,-0.0016269113471530923,0.7790794944995062,2357.8226477094745,148.839005678722,0.8195703680658206,2208.164071662687,0.2217475194911458,0.029887642664839786,0.0683895395151316,0.019308209397569314,0.7154372871383254,0.3504513602010124,1.0,9.0,748.2857142857143,288.0,0.35102533172496986,4.117149758454106,6.80082135523614,1.0702784328889652,5.032284928700369,8.0,0.0,3.0,5.0,0.375,166.71050538208266,-44.05554729902274,0.01665382753471235,-0.0043349512884617095,3.7840979309722638,2.270458758583358,34.981722456391786,0.003535840770228563,-0.0016098447752404934,0.3535840770228563,320.64432064268146,40.49113898455117,0.2994020069959785,279.8537796511343,0.027985377965113356,0.01916676308887455,0.031372519411677624,0.00856972395491946,0.8077705361986636,0.6351092280365979,1.0,4.0,900.0,360.0,0.5617977528089888,5.502824858757062,1.4537987679671458,0.7364237681299299,2.633722191976138,6.0,0.0,3.0,3.0,0.5,25.855135656984316,-32.30376294157049,0.002587010669108158,-0.003223904754337042,0.8003753526717571,0.8003753526717571,-3.2243136422930867,-0.000318447042614442,-0.0003508302019649709,-0.03184470426144418,24.6347654413488,43.79990714560958,0.18074014949775466,-19.34588185375852,-0.0019345881853758407,-0.0013311146275656327,0.01871823940673567,0.004263134109627281,-0.08956029380210478,-0.04118782765683408,2.0,3.0,708.0,432.0,0.33146067415730335,4.127118644067797,1.4537987679671458,-0.2444329789342299,1.3284886480996663,196.70024062557803,0.23084774632911165,42.0,0.0,13.0,29.0,0.30952380952380953,293.5797178121297,-37.055896962069525,0.027186374199188196,-0.003151719142751432,7.922618041404809,3.55151843235388,65.28369808708736,0.006238643082134643,-0.0016269113471530923,0.6238643082134643,2995.1687852585605,252.08145182893134,1.172013771960079,2741.915319657669,0.27419153196576684,0.025229801219417647,0.0683895395151316,0.019308209397569314,0.680705602810732,0.3612736439565459,3.0,9.0,822.8571428571429,360.0,0.4050632911392405,4.31883445945946,9.724845995893224,1.2581865640547047,4.234847505333922,2021.0,0.710968777654565,1.854811271578854,3.0,2741.9153196576694,0.7386304814366084,1.0548254289188082,1.0548254289188082,-150.32668345928357,0.19679847666308717,-0.010968912711177102,-326.37228956951753,1370.2083630640177,5.851041815320088,0.2188221686477403,0.4202921598249705,42.0,0.0,257.80101106289476,-0.16888146430921291,0.5748843457246424,9.0,"[3.83, 3.23, 10.0]",3.8321335770223026,True,32.0,2.0464327744869717,0.0034456903346277456,0.10946345203323649,0.039059165025194575,FAIL,OOS expectancy <= 0; OOS PF < 1.25; best year > 50% of net profit; unprofitable without its best few trades,0.034482758620689655,1.0,0.0,1.0,0.0,1.0,0.023255813953488372,1.0,3.818666461909346
maker,breakout,3d,"{""n"": 10, ""stop_atr"": 3.0, ""trend_filter"": ""none""}",21.0,0.0,11.0,10.0,0.5238095238095238,358.03787192258056,-57.791735119643405,0.032483980174573476,-0.004761642037462068,6.195312723892997,6.814843996282296,160.02377333104533,0.014747969597413698,0.002552555857697279,1.4747969597413693,3488.4335611931074,127.11495997195557,0.819361269199789,3360.499239951952,0.33713023887660176,0.043644806991638196,0.06372334496813647,0.020129773339101452,0.850160037482006,0.47622818787895416,5.0,3.0,1512.0,1080.0,0.5319662243667069,3.0878623188405796,6.80082135523614,1.511166391287215,7.610357510218406,5.0,0.0,3.0,2.0,0.6,129.66433728356924,-87.00859416491929,0.012909904125850252,-0.00854670262834377,1.4902474695522454,2.235371204328368,42.99516470417383,0.004327261424172645,0.005462244639652553,0.4327261424172645,246.49156343647604,31.199014725094834,0.3167251905120753,214.97582352086917,0.021497582352087097,0.01473802564051141,0.031115833626930933,0.008903724167292223,0.5448563418051744,0.4362242003340867,2.0,2.0,1656.0,1512.0,0.6460674157303371,3.439265536723164,1.4537987679671458,0.7622083790329363,2.513260600589994,7.0,0.0,2.0,5.0,0.2857142857142857,80.0350105490386,-80.3028214207695,0.008083255699266927,-0.008068327312474699,0.996664988016702,0.39866599520668083,-34.4920122865386,-0.003453589309119949,-0.005053344715746711,-0.34535893091199477,-188.62459287671302,51.36893623385751,1.4505568951997363,-241.44408600577023,-0.024144408600576983,-0.016671059969386226,0.04044112173640613,0.007192731521364031,-1.0455135904032484,-0.5290099418850179,1.0,4.0,740.5714285714286,432.0,0.4044943820224719,4.814971751412429,1.4537987679671458,-1.0601228888269774,0.478129982142182,135.03284733199663,0.460654392805547,32.0,0.0,15.0,17.0,0.46875,319.5983658548377,-80.28743128399356,0.028053700387115618,-0.006179497776098924,3.980677432864317,3.5123624407626326,107.15903612483358,0.009867313862907894,-0.001741703602650611,0.9867313862907892,3658.036440063021,225.99528779193082,2.951996276414735,3429.0891559946745,0.34290891559946735,0.030782293152395557,0.06372334496813647,0.020129773339101452,0.6918552360623045,0.3994708390613881,5.0,4.0,1424.25,972.0,0.5341772151898734,3.2905405405405403,9.724845995893224,1.493101810305718,3.9218922784108923,2021.0,0.6644195139918416,1.8430998088997677,2.0,3429.0891559946754,0.6385739314204941,0.9337341031062779,0.7923803677051723,711.9462296737954,0.1967984766630872,-0.011129682564323725,-449.0246188711519,2442.1316580415305,11.210658290207652,0.29344724023109947,0.4606543928055469,32.0,0.0,563.6991525869389,-0.16190545299637493,0.5748843457246422,4.0,"[7.62, 3.93, 5.24]",5.243172316421153,True,21.0,2.2664827568462114,0.006347903412895305,0.13424624536872276,0.0467602938305951,FAIL,OOS expectancy <= 0; OOS PF < 1.25; best year > 50% of net profit,0.0,1.0,0.0,1.0,0.0,1.0,0.0,1.0,3.853152276265172
maker,pullback,3d,,,,,,,,,,,,,,,,,,,,,,,,,,,,,,,,,,,,,,,,,,,,,,,,,,,,,,,,,,,,,,,,,,,,,,,,,,,,,,,,,,,,,,,,,,,,,,,,,,,,,,,,,,,,,,,,,,,,,,,,,,,,,,,,,,,,,,,,,,,,,,,,,,,,,,,,,,,,,,,,,,,,,,,,,,FAIL,no parameter set with >= 15 train trades and PF > 1 after costs,,,,,,,,,
maker,regime_trend,3d,"{""sma_n"": 100, ""stop_atr"": 5.0, ""vol_pct"": 100}",17.0,0.0,6.0,11.0,0.35294117647058826,134.54539899621088,-19.250714124454102,0.01330487502403061,-0.0018533146344256396,6.989112098719414,3.8122429629378622,35.030266976957066,0.0034966346567942125,-0.0006118403676134284,0.3496634656794213,643.5020815468403,47.88442581074731,0.10311712782288963,595.5145386082701,0.05993530915831369,0.008595680640817172,0.07480129616542408,0.013590645269287962,0.33659550028485347,0.166812110890698,2.0,5.0,1647.5294117647059,288.0,0.4692400482509047,2.49969806763285,6.80082135523614,1.0374227084957777,4.499306186689822,1.0,0.0,1.0,0.0,1.0,74.97860269765921,0.0,0.007497860269765921,0.0,,inf,74.97860269765921,0.007497860269765921,0.007497860269765921,0.7497860269765921,77.77719536413782,2.7985926664786174,0.0,74.97860269765921,0.007497860269765955,0.005151410884420171,0.0117180996367231,0.002096629067402341,0.5083019987083282,0.2854696923545801,1.0,0.0,5112.0,5112.0,0.398876404494382,0.6878531073446328,1.4537987679671458,0.0,inf,2.0,0.0,1.0,1.0,0.5,33.62166905963867,-22.767217448658204,0.003369839091901097,-0.0022767217448658203,1.476757936513677,1.476757936513677,5.427225805490233,0.0005465586735176383,0.0005465586735176383,0.05465586735176381,20.303313012126342,9.335113522734165,0.11374787841170675,10.854451610980465,0.0010854451610982085,0.000746500401496597,0.0032762890707864756,0.0024209106359088794,0.16874690260115927,0.06526693706250863,1.0,1.0,504.0,504.0,0.07865168539325842,1.3757062146892656,1.4537987679671458,0.0,2.0364533043675785,202.93410367393045,0.048665340822981684,21.0,0.0,9.0,12.0,0.42857142857142855,135.06852752925172,-19.72721924963749,0.013130822517332408,-0.0018885985602956547,6.846810278733723,5.135107709050292,46.61381508417219,0.004548296187259229,-0.00043435535469125573,0.45482961872592287,1042.6428546921688,63.6279907849224,0.12474713963068426,978.890116767616,0.0978890116767619,0.009649418675882648,0.07480129616542408,0.013590645269287962,0.39926625931404564,0.22017592012455775,3.0,5.0,2232.0,648.0,0.549367088607595,2.15941722972973,9.724845995893224,1.4845812817936697,6.079538336086539,2021.0,0.5306406222682741,3.2235788214276284,2.0,978.8901167676157,0.5562543838150674,1.0558502730348054,0.9103883253297342,87.71998268171808,0.054026424573092646,-0.005955696548534013,-115.38000861986964,591.7626575807495,1.9588132879037476,0.11800753934488672,0.48415405823887436,21.0,0.0,31.88191547062373,-0.2597990642283101,0.3140465371140917,5.0,"[6.48, 5.45, 4.75]",5.446022319890167,False,6.0,1.383598790783549,0.0011691668032617784,0.006808652416358862,0.017749410529818266,FAIL,validation gate; < 5 OOS trades; < 20 walk-forward trades; < 30 full-history trades; best year > 50% of net profit; OOS PF 1.48 < 1.5; walk-forward PF 1.38 < 1.5,0.0,1.0,0.0,1.0,0.0,1.0,0.0,1.0,4.500505699168167
maker,hybrid,3d,,,,,,,,,,,,,,,,,,,,,,,,,,,,,,,,,,,,,,,,,,,,,,,,,,,,,,,,,,,,,,,,,,,,,,,,,,,,,,,,,,,,,,,,,,,,,,,,,,,,,,,,,,,,,,,,,,,,,,,,,,,,,,,,,,,,,,,,,,,,,,,,,,,,,,,,,,,,,,,,,,,,,,,,,,FAIL,no parameter set with >= 15 train trades and PF > 1 after costs,,,,,,,,,
