mode,family,tf,params,train_trades,train_pf,train_expectancy_pct,train_tstat,eligible,score
taker,ema_trend,1d,"{""exit_rule"": ""cross"", ""pair"": [20, 50], ""stop_atr"": 3.0}",22,5.342113614574855,0.028814713678997503,1.4585015559152015,True,1.4851768727460206
taker,ema_trend,1d,"{""exit_rule"": ""price"", ""pair"": [20, 50], ""stop_atr"": 3.0}",76,1.8746967599343043,0.002737814523409817,1.6011562550719287,True,1.4083831491899645
taker,ema_trend,1d,"{""exit_rule"": ""price"", ""pair"": [20, 50], ""stop_atr"": 2.0}",76,1.7556279714393757,0.003673439191267043,1.4516276791563376,True,1.3872129727688982
taker,ema_trend,1d,"{""exit_rule"": ""cross"", ""pair"": [20, 50], ""stop_atr"": 2.0}",24,5.43069219783013,0.03749455111783232,1.4145454580225703,True,1.3750509934559492
taker,ema_trend,1d,"{""exit_rule"": ""price"", ""pair"": [50, 200], ""stop_atr"": 3.0}",51,3.5025201756385975,0.010624473332475654,1.1222471066163897,True,1.3178575206218643
taker,ema_trend,1d,"{""exit_rule"": ""price"", ""pair"": [50, 200], ""stop_atr"": 2.0}",51,3.1420508704424623,0.015366633621791378,1.0815224988247565,True,1.2077316413317927
taker,ema_trend,1d,"{""exit_rule"": ""cross"", ""pair"": [50, 200], ""stop_atr"": 2.0}",13,3.490166064251154,0.020120250530616647,1.1755292807296869,False,-inf
taker,ema_trend,1d,"{""exit_rule"": ""cross"", ""pair"": [50, 200], ""stop_atr"": 3.0}",10,4.986076900001213,0.022090150836256445,1.466504221974382,False,-inf
taker,breakout,1d,"{""n"": 10, ""stop_atr"": 2.0, ""trend_filter"": ""sma200""}",38,2.529852521938185,0.008463895446242844,1.9622327919490206,True,1.7002633086768548
taker,breakout,1d,"{""n"": 10, ""stop_atr"": 3.0, ""trend_filter"": ""sma200""}",36,2.4795264565313526,0.005808280121477945,1.9032832966663622,True,1.6591741328131815
taker,breakout,1d,"{""n"": 10, ""stop_atr"": 2.0, ""trend_filter"": ""none""}",66,1.8072761160751771,0.005275057308504909,1.7025899544475107,True,1.6423842384497696
taker,breakout,1d,"{""n"": 10, ""stop_atr"": 3.0, ""trend_filter"": ""none""}",64,1.7060202183293365,0.0033028183172559285,1.5280045395207869,True,1.6280219243198877
taker,breakout,1d,"{""n"": 20, ""stop_atr"": 2.0, ""trend_filter"": ""sma200""}",22,6.968414544885529,0.035405639826068,1.232947191644526,True,1.4398367510267032
taker,breakout,1d,"{""n"": 20, ""stop_atr"": 3.0, ""trend_filter"": ""sma200""}",21,7.083686685799298,0.024919434126725874,1.243175903116556,True,1.4330417008102023
taker,breakout,1d,"{""n"": 20, ""stop_atr"": 2.0, ""trend_filter"": ""none""}",36,4.135130919088598,0.02499722115989574,1.3767096678817605,True,1.4292169109219093
taker,breakout,1d,"{""n"": 30, ""stop_atr"": 3.0, ""trend_filter"": ""none""}",25,5.519988630089413,0.026975735740792515,1.5222127399243188,True,1.4231626903152024
taker,breakout,1d,"{""n"": 30, ""stop_atr"": 2.0, ""trend_filter"": ""none""}",27,4.923385619170206,0.035912385914342086,1.455627833990858,True,1.4150742040989364
taker,breakout,1d,"{""n"": 20, ""stop_atr"": 3.0, ""trend_filter"": ""none""}",34,4.1900719082958755,0.017667980937739552,1.3782099066448905,True,1.4096625514176624
taker,breakout,1d,"{""n"": 50, ""stop_atr"": 3.0, ""trend_filter"": ""none""}",17,6.083365760057342,0.021955770107765202,1.3521707650372687,True,1.387224216188853
taker,breakout,1d,"{""n"": 30, ""stop_atr"": 3.0, ""trend_filter"": ""sma200""}",15,9.70097976111555,0.03934708355793573,1.4075922059786756,True,1.3789819662397873
taker,breakout,1d,"{""n"": 50, ""stop_atr"": 2.0, ""trend_filter"": ""none""}",19,5.474305939119318,0.029207529874886628,1.3367025781560917,True,1.3704201311341642
taker,breakout,1d,"{""n"": 30, ""stop_atr"": 2.0, ""trend_filter"": ""sma200""}",16,8.79839657612118,0.05459847002781372,1.3841182005416537,True,1.3634929559016302
taker,breakout,1d,"{""n"": 50, ""stop_atr"": 2.0, ""trend_filter"": ""sma200""}",12,11.142454328815209,0.045198795853002925,1.3371793473524385,False,-inf
taker,breakout,1d,"{""n"": 50, ""stop_atr"": 3.0, ""trend_filter"": ""sma200""}",12,12.053677610217228,0.030144397387558506,1.3378107816377323,False,-inf
taker,pullback,1d,"{""pb_ema"": 20, ""stop_atr"": 2.0, ""trail_atr"": 3.0}",27,2.437741831106421,0.008878804375189089,1.754030482944014,True,1.5965521969883854
taker,pullback,1d,"{""pb_ema"": 20, ""stop_atr"": 3.0, ""trail_atr"": 3.0}",24,2.580721677067434,0.006499257956346364,1.7540369040499897,True,1.5574494912765124
taker,pullback,1d,"{""pb_ema"": 50, ""stop_atr"": 3.0, ""trail_atr"": 3.0}",16,2.8018133375541705,0.007556523980133943,1.5238278544943655,True,1.5199456989441522
taker,pullback,1d,"{""pb_ema"": 50, ""stop_atr"": 2.0, ""trail_atr"": 3.0}",16,3.224863153654473,0.012204459761238112,1.6873785490724738,True,1.5141922141044695
taker,pullback,1d,"{""pb_ema"": 20, ""stop_atr"": 3.0, ""trail_atr"": 5.0}",15,6.240845085367303,0.0315991413725801,1.1979027236176805,True,1.3143104919286286
taker,pullback,1d,"{""pb_ema"": 20, ""stop_atr"": 2.0, ""trail_atr"": 5.0}",18,5.669025716214173,0.039349421493637717,1.1907628518870643,True,1.3085570070889458
taker,pullback,1d,"{""pb_ema"": 50, ""stop_atr"": 2.0, ""trail_atr"": 5.0}",14,7.079081853974893,0.045880594562369,1.0915319699070247,False,-inf
taker,pullback,1d,"{""pb_ema"": 50, ""stop_atr"": 3.0, ""trail_atr"": 5.0}",12,8.044310845153879,0.036341242158578806,1.11453948815978,False,-inf
taker,regime_trend,1d,"{""sma_n"": 100, ""stop_atr"": 5.0, ""vol_pct"": 100}",38,5.462351863923663,0.009913613457598091,1.4739905806119533,True,1.385073537161737
taker,regime_trend,1d,"{""sma_n"": 100, ""stop_atr"": 3.0, ""vol_pct"": 100}",38,4.9266843893505285,0.016418461167289334,1.4638290903352045,True,1.3824318042660013
taker,regime_trend,1d,"{""sma_n"": 200, ""stop_atr"": 5.0, ""vol_pct"": 50}",17,5.795665816158077,0.011244887819600851,1.397519757146275,True,1.3742652576547896
taker,regime_trend,1d,"{""sma_n"": 100, ""stop_atr"": 5.0, ""vol_pct"": 80}",36,5.043764525467569,0.009154107930758736,1.3507281932876718,True,1.3732327994374414
taker,regime_trend,1d,"{""sma_n"": 200, ""stop_atr"": 3.0, ""vol_pct"": 50}",17,5.646798681717247,0.018749772591887183,1.3982573118900306,True,1.3716241856360893
taker,regime_trend,1d,"{""sma_n"": 100, ""stop_atr"": 3.0, ""vol_pct"": 80}",36,4.584309777843109,0.015146828182073333,1.340161261704728,True,1.3690876437671313
taker,regime_trend,1d,"{""sma_n"": 200, ""stop_atr"": 5.0, ""vol_pct"": 80}",20,5.536439587278088,0.009495257559981225,1.3816313733455952,True,1.3526513963074511
taker,regime_trend,1d,"{""sma_n"": 200, ""stop_atr"": 3.0, ""vol_pct"": 80}",20,5.372882088973463,0.015825429266635372,1.381631373345595,True,1.3506855209396134
taker,regime_trend,1d,"{""sma_n"": 100, ""stop_atr"": 5.0, ""vol_pct"": 50}",33,4.981702574590915,0.009772569238738937,1.3196525882372583,True,1.3442472097084155
taker,regime_trend,1d,"{""sma_n"": 100, ""stop_atr"": 3.0, ""vol_pct"": 50}",33,4.498962289917568,0.01616759535878052,1.3090883001624565,True,1.3417898654986185
taker,regime_trend,1d,"{""sma_n"": 200, ""stop_atr"": 5.0, ""vol_pct"": 100}",21,5.131431733292567,0.008196712988366142,1.2517462844121188,True,1.3397786306954464
taker,regime_trend,1d,"{""sma_n"": 200, ""stop_atr"": 3.0, ""vol_pct"": 100}",21,4.976344249202695,0.013661188313943574,1.2517462844121188,True,1.3372382581262592
taker,hybrid,1d,"{""n"": 20, ""stop_atr"": 3.0, ""trail_atr"": 5.0}",21,3.5743417031630464,0.015964005429553767,1.138731621763212,True,1.1346074485106237
taker,hybrid,1d,"{""n"": 30, ""stop_atr"": 3.0, ""trail_atr"": 5.0}",21,3.5743417031630464,0.015964005429553767,1.138731621763212,True,1.1346074485106237
taker,hybrid,1d,"{""n"": 20, ""stop_atr"": 2.0, ""trail_atr"": 5.0}",24,3.7604881553515273,0.021655867489283605,1.1805700710733487,True,1.1173378414808117
taker,hybrid,1d,"{""n"": 30, ""stop_atr"": 2.0, ""trail_atr"": 5.0}",24,3.7604881553515273,0.021655867489283605,1.1805700710733487,True,1.1173378414808117
taker,hybrid,1d,"{""n"": 20, ""stop_atr"": 3.0, ""trail_atr"": 3.0}",34,1.5810364479735497,0.0029100772929589133,1.0803964794427219,True,1.0672510456654984
taker,hybrid,1d,"{""n"": 30, ""stop_atr"": 3.0, ""trail_atr"": 3.0}",34,1.5810364479735497,0.0029100772929589133,1.0803964794427219,True,1.0672510456654984
taker,hybrid,1d,"{""n"": 20, ""stop_atr"": 2.0, ""trail_atr"": 3.0}",41,1.450062405815175,0.0033637356467351234,0.9694796020133379,True,1.0499814386356865
taker,hybrid,1d,"{""n"": 30, ""stop_atr"": 2.0, ""trail_atr"": 3.0}",41,1.450062405815175,0.0033637356467351234,0.9694796020133379,True,1.0499814386356865
maker,ema_trend,1d,"{""exit_rule"": ""cross"", ""pair"": [20, 50], ""stop_atr"": 3.0}",21,6.005569533556484,0.031072015039896983,1.5044327839576426,True,1.545436303262322
maker,ema_trend,1d,"{""exit_rule"": ""price"", ""pair"": [20, 50], ""stop_atr"": 3.0}",74,2.0373908808642267,0.0031577061841020155,1.76388853514288,True,1.5318473686190661
maker,ema_trend,1d,"{""exit_rule"": ""price"", ""pair"": [20, 50], ""stop_atr"": 2.0}",74,1.9860308727687743,0.004448429251894879,1.6889806119297597,True,1.500253788538667
maker,ema_trend,1d,"{""exit_rule"": ""cross"", ""pair"": [20, 50], ""stop_atr"": 2.0}",23,5.451587553336293,0.03921868632893265,1.4162746049101054,True,1.4549308562189802
maker,ema_trend,1d,"{""exit_rule"": ""price"", ""pair"": [50, 200], ""stop_atr"": 3.0}",51,3.9625568254035417,0.011139079909015609,1.1700875434459828,True,1.3907491924498614
maker,ema_trend,1d,"{""exit_rule"": ""price"", ""pair"": [50, 200], ""stop_atr"": 2.0}",51,3.584796368564064,0.016169455282665633,1.131871402171923,True,1.3002437454065197
maker,ema_trend,1d,"{""exit_rule"": ""cross"", ""pair"": [50, 200], ""stop_atr"": 2.0}",13,3.6875859556439172,0.020823471226354886,1.2100354240784126,False,-inf
maker,ema_trend,1d,"{""exit_rule"": ""cross"", ""pair"": [50, 200], ""stop_atr"": 3.0}",10,5.2411344287118,0.022655479822635702,1.4971492890386602,False,-inf
maker,breakout,1d,"{""n"": 10, ""stop_atr"": 2.0, ""trend_filter"": ""sma200""}",38,2.5756994848005976,0.008717988646840353,2.026159853806796,True,1.7784458541402854
maker,breakout,1d,"{""n"": 10, ""stop_atr"": 3.0, ""trend_filter"": ""sma200""}",36,2.596867584889026,0.006101897669956334,2.0138153538488304,True,1.7502659424059228
maker,breakout,1d,"{""n"": 10, ""stop_atr"": 2.0, ""trend_filter"": ""none""}",66,1.892256969096532,0.005723693796116794,1.8321258683964867,True,1.742690973087195
maker,breakout,1d,"{""n"": 10, ""stop_atr"": 3.0, ""trend_filter"": ""none""}",64,1.8260856679384416,0.0037048717797384203,1.704659704369735,True,1.739992489449498
maker,breakout,1d,"{""n"": 20, ""stop_atr"": 2.0, ""trend_filter"": ""none""}",36,4.359894501278473,0.025746189715042334,1.4078184657757615,True,1.4762495341969717
maker,breakout,1d,"{""n"": 20, ""stop_atr"": 3.0, ""trend_filter"": ""sma200""}",21,7.4166839425041555,0.02535769230422159,1.2564288575983293,True,1.4702426247256524
maker,breakout,1d,"{""n"": 20, ""stop_atr"": 3.0, ""trend_filter"": ""none""}",34,4.448875284821531,0.018196658400797525,1.4093690311829399,True,1.4675376711415655
maker,breakout,1d,"{""n"": 20, ""stop_atr"": 2.0, ""trend_filter"": ""sma200""}",22,7.032964267051019,0.035913106686888026,1.2416823405090287,True,1.4672932626912967
maker,breakout,1d,"{""n"": 30, ""stop_atr"": 3.0, ""trend_filter"": ""none""}",25,6.013278626647873,0.027782613181899566,1.5594122967810617,True,1.4540908232983571
maker,breakout,1d,"{""n"": 30, ""stop_atr"": 2.0, ""trend_filter"": ""none""}",27,5.323930503719487,0.0369775400937722,1.490251965120641,True,1.445952219037704
maker,breakout,1d,"{""n"": 50, ""stop_atr"": 3.0, ""trend_filter"": ""none""}",17,6.649031671393967,0.02257518301345379,1.3815032829180094,True,1.4171366516967439
maker,breakout,1d,"{""n"": 30, ""stop_atr"": 3.0, ""trend_filter"": ""sma200""}",15,10.711174110109058,0.040182902267382636,1.4299175404891338,True,1.4019729891957018
maker,breakout,1d,"{""n"": 50, ""stop_atr"": 2.0, ""trend_filter"": ""none""}",19,6.010033379702988,0.030084000589311464,1.3679015717444882,True,1.3991065122403898
maker,breakout,1d,"{""n"": 30, ""stop_atr"": 2.0, ""trend_filter"": ""sma200""}",16,9.5769619883353,0.05571047358420655,1.4043767957665672,True,1.3845995742127584
maker,breakout,1d,"{""n"": 50, ""stop_atr"": 2.0, ""trend_filter"": ""sma200""}",12,12.388593794270552,0.04616739949708332,1.3567692291784215,False,-inf
maker,breakout,1d,"{""n"": 50, ""stop_atr"": 3.0, ""trend_filter"": ""sma200""}",12,13.68951622495027,0.030833937098911676,1.3597294553434165,False,-inf
maker,pullback,1d,"{""pb_ema"": 20, ""stop_atr"": 2.0, ""trail_atr"": 3.0}",27,2.5575345263749436,0.009269910594790511,1.8247361717868278,True,1.6346881493522583
maker,pullback,1d,"{""pb_ema"": 20, ""stop_atr"": 3.0, ""trail_atr"": 3.0}",24,2.6172524572311446,0.006643742293458266,1.7765028438195485,True,1.5752678535299265
maker,pullback,1d,"{""pb_ema"": 50, ""stop_atr"": 2.0, ""trail_atr"": 3.0}",16,3.3612029553910157,0.012569059002648377,1.7296821783807808,True,1.5434974536027948
maker,pullback,1d,"{""pb_ema"": 50, ""stop_atr"": 3.0, ""trail_atr"": 3.0}",16,2.7817483362342923,0.007619390489385369,1.517838523408394,True,1.529001409361535
maker,pullback,1d,"{""pb_ema"": 20, ""stop_atr"": 2.0, ""trail_atr"": 5.0}",18,5.9449234080375675,0.0399581374102456,1.2078314034218764,True,1.3290735977872041
maker,pullback,1d,"{""pb_ema"": 20, ""stop_atr"": 3.0, ""trail_atr"": 5.0}",16,5.755767798875205,0.029365751851106993,1.181993875104936,True,1.3145775535459445
maker,pullback,1d,"{""pb_ema"": 50, ""stop_atr"": 2.0, ""trail_atr"": 5.0}",14,7.4068181778667,0.04633639087208791,1.1017329408351766,False,-inf
maker,pullback,1d,"{""pb_ema"": 50, ""stop_atr"": 3.0, ""trail_atr"": 5.0}",13,7.0645059928468905,0.03301129717097485,1.091982091837417,False,-inf
maker,regime_trend,1d,"{""sma_n"": 200, ""stop_atr"": 5.0, ""vol_pct"": 50}",17,6.601845680764604,0.011670255378898478,1.4432117833032363,True,1.4105552814278948
maker,regime_trend,1d,"{""sma_n"": 200, ""stop_atr"": 3.0, ""vol_pct"": 50}",17,6.433636797730256,0.01945144089285551,1.4433022537048732,True,1.404894882150683
maker,regime_trend,1d,"{""sma_n"": 100, ""stop_atr"": 5.0, ""vol_pct"": 100}",38,5.528369438412615,0.010005062240985754,1.4827764229688254,True,1.4009316613873297
maker,regime_trend,1d,"{""sma_n"": 100, ""stop_atr"": 3.0, ""vol_pct"": 100}",38,4.755765515167372,0.016445625639460903,1.46102320686443,True,1.3952709956698457
maker,regime_trend,1d,"{""sma_n"": 200, ""stop_atr"": 5.0, ""vol_pct"": 80}",20,6.384650562268774,0.009886797239012946,1.4311594997738555,True,1.3930915597134024
maker,regime_trend,1d,"{""sma_n"": 200, ""stop_atr"": 3.0, ""vol_pct"": 80}",20,6.203914027844161,0.016477995398354907,1.431159499773855,True,1.388581121219742
maker,regime_trend,1d,"{""sma_n"": 100, ""stop_atr"": 5.0, ""vol_pct"": 80}",36,5.092272512840234,0.00923802126935341,1.3589788567050365,True,1.3867597124424862
maker,regime_trend,1d,"{""sma_n"": 200, ""stop_atr"": 5.0, ""vol_pct"": 100}",21,5.953761325554327,0.008565761413792158,1.300948159011028,True,1.378958060191184
maker,regime_trend,1d,"{""sma_n"": 100, ""stop_atr"": 3.0, ""vol_pct"": 80}",36,4.414196972018301,0.01515447523698948,1.3363361938350993,True,1.3778807497998375
maker,regime_trend,1d,"{""sma_n"": 200, ""stop_atr"": 3.0, ""vol_pct"": 100}",21,5.7784343109716705,0.01427626902298693,1.3009481590110277,True,1.3735197561650851
maker,regime_trend,1d,"{""sma_n"": 100, ""stop_atr"": 5.0, ""vol_pct"": 50}",33,4.9973264388733964,0.009839511715852093,1.324547588929614,True,1.3571610551896636
maker,regime_trend,1d,"{""sma_n"": 100, ""stop_atr"": 3.0, ""vol_pct"": 50}",33,4.305050868680216,0.016134938689160053,1.3019059918207672,True,1.3515230070725885
maker,hybrid,1d,"{""n"": 20, ""stop_atr"": 3.0, ""trail_atr"": 5.0}",21,3.7169767917885617,0.016332526452446285,1.1632511608778389,True,1.1808985505786136
maker,hybrid,1d,"{""n"": 30, ""stop_atr"": 3.0, ""trail_atr"": 5.0}",21,3.7169767917885617,0.016332526452446285,1.1632511608778389,True,1.1808985505786136
maker,hybrid,1d,"{""n"": 20, ""stop_atr"": 2.0, ""trail_atr"": 5.0}",24,3.947923189304776,0.022182622319704137,1.2073623302352907,True,1.1678218098936364
maker,hybrid,1d,"{""n"": 30, ""stop_atr"": 2.0, ""trail_atr"": 5.0}",24,3.947923189304776,0.022182622319704137,1.2073623302352907,True,1.1678218098936364
maker,hybrid,1d,"{""n"": 20, ""stop_atr"": 3.0, ""trail_atr"": 3.0}",34,1.6679396491715472,0.0032060222357263037,1.1897295503234864,True,1.1590054199377342
maker,hybrid,1d,"{""n"": 30, ""stop_atr"": 3.0, ""trail_atr"": 3.0}",34,1.6679396491715472,0.0032060222357263037,1.1897295503234864,True,1.1590054199377342
maker,hybrid,1d,"{""n"": 20, ""stop_atr"": 2.0, ""trail_atr"": 3.0}",41,1.5350278209440253,0.0037966640550474162,1.0933114182261252,True,1.1459286792527568
maker,hybrid,1d,"{""n"": 30, ""stop_atr"": 2.0, ""trail_atr"": 3.0}",41,1.5350278209440253,0.0037966640550474162,1.0933114182261252,True,1.1459286792527568
taker,ema_trend,2d,"{""exit_rule"": ""price"", ""pair"": [20, 50], ""stop_atr"": 3.0}",29,8.021834635494425,0.014202470773075838,1.4388504472356893,True,1.3534598789994596
taker,ema_trend,2d,"{""exit_rule"": ""price"", ""pair"": [20, 50], ""stop_atr"": 2.0}",29,7.163089628109345,0.021140041534895675,1.426670430837306,True,1.3102791189744356
taker,ema_trend,2d,"{""exit_rule"": ""price"", ""pair"": [50, 200], ""stop_atr"": 3.0}",23,3.766556683277255,0.00827192855176376,0.9010765091692472,True,1.0421521728251282
taker,ema_trend,2d,"{""exit_rule"": ""price"", ""pair"": [50, 200], ""stop_atr"": 2.0}",23,3.816950156126872,0.012587709787605617,0.9151880851060882,True,0.9995743910377173
taker,ema_trend,2d,"{""exit_rule"": ""cross"", ""pair"": [20, 50], ""stop_atr"": 2.0}",9,11.969712501338512,0.04875077508816001,1.460407512718659,False,-inf
taker,ema_trend,2d,"{""exit_rule"": ""cross"", ""pair"": [20, 50], ""stop_atr"": 3.0}",8,10.063019684074549,0.028067253961290693,1.647242128755596,False,-inf
taker,ema_trend,2d,"{""exit_rule"": ""cross"", ""pair"": [50, 200], ""stop_atr"": 2.0}",8,3.1243420949081497,0.0188389967333229,0.7553625390382284,False,-inf
taker,ema_trend,2d,"{""exit_rule"": ""cross"", ""pair"": [50, 200], ""stop_atr"": 3.0}",4,7.365466849716094,0.02984521926606154,0.9134936497894881,False,-inf
taker,breakout,2d,"{""n"": 20, ""stop_atr"": 3.0, ""trend_filter"": ""none""}",18,6.670813679719641,0.020450314494168086,1.3668746278801616,True,1.2828895533990878
taker,breakout,2d,"{""n"": 20, ""stop_atr"": 2.0, ""trend_filter"": ""none""}",18,7.878407319985934,0.03164910406300034,1.4175420259277425,True,1.2819265715317694
taker,breakout,2d,"{""n"": 10, ""stop_atr"": 2.0, ""trend_filter"": ""none""}",30,3.9706462645271055,0.0186462606546839,1.354495356377079,True,1.2727380518063822
taker,breakout,2d,"{""n"": 10, ""stop_atr"": 3.0, ""trend_filter"": ""none""}",30,3.929800287248176,0.012168782206558587,1.3227499534673095,True,1.2594207135803746
taker,breakout,2d,"{""n"": 30, ""stop_atr"": 2.0, ""trend_filter"": ""none""}",15,6.438167205454598,0.026714684980585816,1.166627488581633,True,1.2109002767275245
taker,breakout,2d,"{""n"": 10, ""stop_atr"": 2.0, ""trend_filter"": ""sma200""}",17,6.018547343946391,0.023162119812733323,0.9961648714533975,True,1.112079125829914
taker,breakout,2d,"{""n"": 10, ""stop_atr"": 3.0, ""trend_filter"": ""sma200""}",17,6.217680729352064,0.015406206677426051,0.9935629165969482,True,1.100467113757946
taker,breakout,2d,"{""n"": 20, ""stop_atr"": 2.0, ""trend_filter"": ""sma200""}",11,12.6616637930553,0.0392798162423973,1.1040933588922315,False,-inf
taker,breakout,2d,"{""n"": 20, ""stop_atr"": 3.0, ""trend_filter"": ""sma200""}",11,11.588954954723865,0.02588646635856788,1.0893907135141288,False,-inf
taker,breakout,2d,"{""n"": 30, ""stop_atr"": 2.0, ""trend_filter"": ""sma200""}",10,6.71044760189755,0.03254820551678962,0.954597980194547,False,-inf
taker,breakout,2d,"{""n"": 30, ""stop_atr"": 3.0, ""trend_filter"": ""none""}",14,8.201542084185691,0.019820174858733223,1.217890446206097,False,-inf
taker,breakout,2d,"{""n"": 30, ""stop_atr"": 3.0, ""trend_filter"": ""sma200""}",9,10.474284181086608,0.02562494342537086,1.0222388783087388,False,-inf
taker,breakout,2d,"{""n"": 50, ""stop_atr"": 2.0, ""trend_filter"": ""none""}",11,5.486033805465894,0.03313341240526424,1.2978434427276022,False,-inf
taker,breakout,2d,"{""n"": 50, ""stop_atr"": 2.0, ""trend_filter"": ""sma200""}",8,5.062786420067049,0.032048589618828636,0.9271097533942763,False,-inf
taker,breakout,2d,"{""n"": 50, ""stop_atr"": 3.0, ""trend_filter"": ""none""}",10,6.865305430088543,0.02884779821641544,1.273469297095373,False,-inf
taker,breakout,2d,"{""n"": 50, ""stop_atr"": 3.0, ""trend_filter"": ""sma200""}",7,6.990899706130314,0.031125791340690406,0.9631787218050967,False,-inf
taker,pullback,2d,"{""pb_ema"": 20, ""stop_atr"": 2.0, ""trail_atr"": 3.0}",12,2.9376938903560026,0.012976796819770273,0.8737572259328594,False,-inf
taker,pullback,2d,"{""pb_ema"": 20, ""stop_atr"": 2.0, ""trail_atr"": 5.0}",8,4.375127925514781,0.02461002800315646,0.8747790645838984,False,-inf
taker,pullback,2d,"{""pb_ema"": 20, ""stop_atr"": 3.0, ""trail_atr"": 3.0}",10,4.3726341582390855,0.011815537524771656,1.0070920911002517,False,-inf
taker,pullback,2d,"{""pb_ema"": 20, ""stop_atr"": 3.0, ""trail_atr"": 5.0}",5,12.043904735538892,0.029738344219401875,1.0130197033170367,False,-inf
taker,pullback,2d,"{""pb_ema"": 50, ""stop_atr"": 2.0, ""trail_atr"": 3.0}",11,3.044685594464902,0.013552064366885153,0.8364710425637016,False,-inf
taker,pullback,2d,"{""pb_ema"": 50, ""stop_atr"": 2.0, ""trail_atr"": 5.0}",7,6.48735970838702,0.042523049534159044,0.9197567582680407,False,-inf
taker,pullback,2d,"{""pb_ema"": 50, ""stop_atr"": 3.0, ""trail_atr"": 3.0}",10,3.448922652513643,0.01029573313349675,0.8661352966905836,False,-inf
taker,pullback,2d,"{""pb_ema"": 50, ""stop_atr"": 3.0, ""trail_atr"": 5.0}",5,11.460140004788512,0.041442365553663554,0.965875237585436,False,-inf
taker,regime_trend,2d,"{""sma_n"": 100, ""stop_atr"": 3.0, ""vol_pct"": 100}",15,5.2795765101773835,0.01170957593602969,1.2459223791011678,True,1.221808306118371
taker,regime_trend,2d,"{""sma_n"": 100, ""stop_atr"": 3.0, ""vol_pct"": 50}",11,5.22113980842801,0.015124835573154222,1.2836361572614376,False,-inf
taker,regime_trend,2d,"{""sma_n"": 100, ""stop_atr"": 5.0, ""vol_pct"": 50}",11,5.346205356287158,0.009074901343892538,1.283636157261438,False,-inf
taker,regime_trend,2d,"{""sma_n"": 100, ""stop_atr"": 3.0, ""vol_pct"": 80}",13,5.5243680081791116,0.013655018882623661,1.2649099716563306,False,-inf
taker,regime_trend,2d,"{""sma_n"": 100, ""stop_atr"": 5.0, ""vol_pct"": 80}",13,5.651604681273401,0.008193011329574198,1.2649099716563308,False,-inf
taker,regime_trend,2d,"{""sma_n"": 100, ""stop_atr"": 5.0, ""vol_pct"": 100}",13,5.651604681273401,0.008193011329574198,1.2649099716563308,False,-inf
taker,regime_trend,2d,"{""sma_n"": 200, ""stop_atr"": 3.0, ""vol_pct"": 50}",6,39.130232255086824,0.02734606702233199,1.119850333958458,False,-inf
taker,regime_trend,2d,"{""sma_n"": 200, ""stop_atr"": 5.0, ""vol_pct"": 50}",6,38.9315972430066,0.016407640213399192,1.119850333958458,False,-inf
taker,regime_trend,2d,"{""sma_n"": 200, ""stop_atr"": 3.0, ""vol_pct"": 80}",6,42.69838146699296,0.02940595456819889,1.1114909020596553,False,-inf
taker,regime_trend,2d,"{""sma_n"": 200, ""stop_atr"": 5.0, ""vol_pct"": 80}",6,42.47835091737342,0.017643572740919333,1.1114909020596553,False,-inf
taker,regime_trend,2d,"{""sma_n"": 200, ""stop_atr"": 3.0, ""vol_pct"": 100}",6,42.69838146699296,0.02940595456819889,1.1114909020596553,False,-inf
taker,regime_trend,2d,"{""sma_n"": 200, ""stop_atr"": 5.0, ""vol_pct"": 100}",6,42.47835091737342,0.017643572740919333,1.1114909020596553,False,-inf
taker,hybrid,2d,"{""n"": 20, ""stop_atr"": 3.0, ""trail_atr"": 3.0}",21,1.6571265071984167,0.0031772804486978083,0.5476317560341786,True,0.6089285803592854
taker,hybrid,2d,"{""n"": 30, ""stop_atr"": 3.0, ""trail_atr"": 3.0}",21,1.6571265071984167,0.0031772804486978083,0.5476317560341786,True,0.6089285803592854
taker,hybrid,2d,"{""n"": 20, ""stop_atr"": 2.0, ""trail_atr"": 3.0}",24,1.5608281070641385,0.004045185901059093,0.5312997890304175,True,0.5830553954986071
taker,hybrid,2d,"{""n"": 30, ""stop_atr"": 2.0, ""trail_atr"": 3.0}",24,1.5608281070641385,0.004045185901059093,0.5312997890304175,True,0.5830553954986071
taker,hybrid,2d,"{""n"": 20, ""stop_atr"": 2.0, ""trail_atr"": 5.0}",13,2.5712784563769224,0.012627218625783001,0.7219902478994146,False,-inf
taker,hybrid,2d,"{""n"": 20, ""stop_atr"": 3.0, ""trail_atr"": 5.0}",9,3.6293249226955586,0.013583984550242961,0.8091510203383669,False,-inf
taker,hybrid,2d,"{""n"": 30, ""stop_atr"": 2.0, ""trail_atr"": 5.0}",13,2.5712784563769224,0.012627218625783001,0.7219902478994146,False,-inf
taker,hybrid,2d,"{""n"": 30, ""stop_atr"": 3.0, ""trail_atr"": 5.0}",9,3.6293249226955586,0.013583984550242961,0.8091510203383669,False,-inf
maker,ema_trend,2d,"{""exit_rule"": ""price"", ""pair"": [20, 50], ""stop_atr"": 3.0}",29,9.400406838276961,0.014646512001898582,1.4759257012304305,True,1.381022368483111
maker,ema_trend,2d,"{""exit_rule"": ""price"", ""pair"": [20, 50], ""stop_atr"": 2.0}",29,8.286723491214467,0.02179053881696971,1.462618067574897,True,1.3353321792985215
maker,ema_trend,2d,"{""exit_rule"": ""price"", ""pair"": [50, 200], ""stop_atr"": 3.0}",23,3.855370262495703,0.008454387868382903,0.9151545930976616,True,1.0593068822218894
maker,ema_trend,2d,"{""exit_rule"": ""price"", ""pair"": [50, 200], ""stop_atr"": 2.0}",23,3.8839807526131316,0.012822750146303925,0.9261966582194139,True,1.018213292718439
maker,ema_trend,2d,"{""exit_rule"": ""cross"", ""pair"": [20, 50], ""stop_atr"": 2.0}",9,12.558503028038656,0.04955109541379745,1.4765882901693448,False,-inf
maker,ema_trend,2d,"{""exit_rule"": ""cross"", ""pair"": [20, 50], ""stop_atr"": 3.0}",8,10.487616703464285,0.02858495073671203,1.6703911120294554,False,-inf
maker,ema_trend,2d,"{""exit_rule"": ""cross"", ""pair"": [50, 200], ""stop_atr"": 2.0}",8,3.2363289882896296,0.019273234305168356,0.7688838519817843,False,-inf
maker,ema_trend,2d,"{""exit_rule"": ""cross"", ""pair"": [50, 200], ""stop_atr"": 3.0}",4,7.561358203809919,0.030213302871087495,0.9199505763400512,False,-inf
maker,breakout,2d,"{""n"": 20, ""stop_atr"": 3.0, ""trend_filter"": ""none""}",18,7.174584990941395,0.020954446102519342,1.3933831749817391,True,1.3062078310709366
maker,breakout,2d,"{""n"": 20, ""stop_atr"": 2.0, ""trend_filter"": ""none""}",18,8.564338851197268,0.03238951230002321,1.4431229488137776,True,1.3020384375412297
maker,breakout,2d,"{""n"": 10, ""stop_atr"": 2.0, ""trend_filter"": ""none""}",30,4.147940208763754,0.018986660805069496,1.3700622590168603,True,1.2896513395387152
maker,breakout,2d,"{""n"": 10, ""stop_atr"": 3.0, ""trend_filter"": ""none""}",30,4.1573103913389495,0.012458829665987707,1.345987490622169,True,1.2768989741426562
maker,breakout,2d,"{""n"": 30, ""stop_atr"": 2.0, ""trend_filter"": ""none""}",15,6.67579066718159,0.027261933081179333,1.1828789201326722,True,1.2296807156971639
maker,breakout,2d,"{""n"": 10, ""stop_atr"": 2.0, ""trend_filter"": ""sma200""}",17,6.221944891529819,0.023393615920549584,0.9994326597020543,True,1.1221006938574676
maker,breakout,2d,"{""n"": 10, ""stop_atr"": 3.0, ""trend_filter"": ""sma200""}",17,6.449176264203545,0.015579390432914189,0.9981629719498561,True,1.1124157276099367
maker,breakout,2d,"{""n"": 20, ""stop_atr"": 2.0, ""trend_filter"": ""sma200""}",11,14.230583550858457,0.04007869827442978,1.1207448847610992,False,-inf
maker,breakout,2d,"{""n"": 20, ""stop_atr"": 3.0, ""trend_filter"": ""sma200""}",11,12.817407760515753,0.02641905437992287,1.1060797881656674,False,-inf
maker,breakout,2d,"{""n"": 30, ""stop_atr"": 2.0, ""trend_filter"": ""sma200""}",10,6.866800459841491,0.03301952364611795,0.962109884663031,False,-inf
maker,breakout,2d,"{""n"": 30, ""stop_atr"": 3.0, ""trend_filter"": ""none""}",14,8.852891183553757,0.020330423296926695,1.2424657527713312,False,-inf
maker,breakout,2d,"{""n"": 30, ""stop_atr"": 3.0, ""trend_filter"": ""sma200""}",9,11.398379830646316,0.026159734313255568,1.0380343157942171,False,-inf
maker,breakout,2d,"{""n"": 50, ""stop_atr"": 2.0, ""trend_filter"": ""none""}",11,5.784486653447867,0.033848970949902975,1.3178260721050084,False,-inf
maker,breakout,2d,"{""n"": 50, ""stop_atr"": 2.0, ""trend_filter"": ""sma200""}",8,5.343814658452337,0.03277856040575332,0.9425485303513069,False,-inf
maker,breakout,2d,"{""n"": 50, ""stop_atr"": 3.0, ""trend_filter"": ""none""}",10,6.895341615803256,0.029188711576294407,1.2795111298819533,False,-inf
maker,breakout,2d,"{""n"": 50, ""stop_atr"": 3.0, ""trend_filter"": ""sma200""}",7,7.3842130693119215,0.03168302478014382,0.975189661946723,False,-inf
maker,pullback,2d,"{""pb_ema"": 20, ""stop_atr"": 2.0, ""trail_atr"": 3.0}",12,3.0566392398766857,0.013306444372511168,0.8956672488301032,False,-inf
maker,pullback,2d,"{""pb_ema"": 20, ""stop_atr"": 2.0, ""trail_atr"": 5.0}",8,4.560995394572281,0.024973431975666927,0.8879775312525051,False,-inf
maker,pullback,2d,"{""pb_ema"": 20, ""stop_atr"": 3.0, ""trail_atr"": 3.0}",10,4.545020238138678,0.012031281361911146,1.0250296380590438,False,-inf
maker,pullback,2d,"{""pb_ema"": 20, ""stop_atr"": 3.0, ""trail_atr"": 5.0}",5,12.520539147883113,0.029957652316364547,1.0207149251943999,False,-inf
maker,pullback,2d,"{""pb_ema"": 50, ""stop_atr"": 2.0, ""trail_atr"": 3.0}",11,3.186688382743706,0.013917315650209533,0.8588796785508415,False,-inf
maker,pullback,2d,"{""pb_ema"": 50, ""stop_atr"": 2.0, ""trail_atr"": 5.0}",7,6.739323715033927,0.04291926835504285,0.9282575798942841,False,-inf
maker,pullback,2d,"{""pb_ema"": 50, ""stop_atr"": 3.0, ""trail_atr"": 3.0}",10,3.5961866456005116,0.010533652364016806,0.8858945660421826,False,-inf
maker,pullback,2d,"{""pb_ema"": 50, ""stop_atr"": 3.0, ""trail_atr"": 5.0}",5,11.760438033042636,0.041679431492366456,0.9711880903070103,False,-inf
maker,regime_trend,2d,"{""sma_n"": 100, ""stop_atr"": 3.0, ""vol_pct"": 50}",11,5.732445988466586,0.01564229109315785,1.321779740750095,False,-inf
maker,regime_trend,2d,"{""sma_n"": 100, ""stop_atr"": 5.0, ""vol_pct"": 50}",11,5.870050296493223,0.00938537465589471,1.3217797407500944,False,-inf
maker,regime_trend,2d,"{""sma_n"": 100, ""stop_atr"": 3.0, ""vol_pct"": 80}",13,6.179477346535479,0.014143758628296765,1.3043094033690767,False,-inf
maker,regime_trend,2d,"{""sma_n"": 100, ""stop_atr"": 5.0, ""vol_pct"": 80}",13,6.320744021769342,0.008486255176978057,1.304309403369077,False,-inf
maker,regime_trend,2d,"{""sma_n"": 100, ""stop_atr"": 3.0, ""vol_pct"": 100}",14,6.0053559831239705,0.01305749908850218,1.29306932998136,False,-inf
maker,regime_trend,2d,"{""sma_n"": 100, ""stop_atr"": 5.0, ""vol_pct"": 100}",13,6.320744021769342,0.008486255176978057,1.304309403369077,False,-inf
maker,regime_trend,2d,"{""sma_n"": 200, ""stop_atr"": 3.0, ""vol_pct"": 50}",6,9.245308015387383,0.02487577127949686,0.9860569125380754,False,-inf
maker,regime_trend,2d,"{""sma_n"": 200, ""stop_atr"": 5.0, ""vol_pct"": 50}",6,6.749731778672488,0.014265291601031448,0.9302065126705471,False,-inf
maker,regime_trend,2d,"{""sma_n"": 200, ""stop_atr"": 3.0, ""vol_pct"": 80}",6,9.95639744109776,0.026939850203642386,0.9881130505749527,False,-inf
maker,regime_trend,2d,"{""sma_n"": 200, ""stop_atr"": 5.0, ""vol_pct"": 80}",6,7.262874704177679,0.015503738955518764,0.9366319100435798,False,-inf
maker,regime_trend,2d,"{""sma_n"": 200, ""stop_atr"": 3.0, ""vol_pct"": 100}",6,9.95639744109776,0.026939850203642386,0.9881130505749527,False,-inf
maker,regime_trend,2d,"{""sma_n"": 200, ""stop_atr"": 5.0, ""vol_pct"": 100}",6,7.262874704177679,0.015503738955518764,0.9366319100435798,False,-inf
maker,hybrid,2d,"{""n"": 20, ""stop_atr"": 3.0, ""trail_atr"": 3.0}",21,1.7189835535448326,0.003363719696083658,0.579330344359603,True,0.6371615304396805
maker,hybrid,2d,"{""n"": 30, ""stop_atr"": 3.0, ""trail_atr"": 3.0}",21,1.7189835535448326,0.003363719696083658,0.579330344359603,True,0.6371615304396805
maker,hybrid,2d,"{""n"": 20, ""stop_atr"": 2.0, ""trail_atr"": 3.0}",24,1.6288248841000925,0.004343787356456832,0.5701783977410376,True,0.61453867096412
maker,hybrid,2d,"{""n"": 30, ""stop_atr"": 2.0, ""trail_atr"": 3.0}",24,1.6288248841000925,0.004343787356456832,0.5701783977410376,True,0.61453867096412
maker,hybrid,2d,"{""n"": 20, ""stop_atr"": 2.0, ""trail_atr"": 5.0}",13,2.659789388207675,0.01291602419781582,0.7384675440148017,False,-inf
maker,hybrid,2d,"{""n"": 20, ""stop_atr"": 3.0, ""trail_atr"": 5.0}",9,3.732420216446672,0.013764933841879726,0.8198070352984781,False,-inf
maker,hybrid,2d,"{""n"": 30, ""stop_atr"": 2.0, ""trail_atr"": 5.0}",13,2.659789388207675,0.01291602419781582,0.7384675440148017,False,-inf
maker,hybrid,2d,"{""n"": 30, ""stop_atr"": 3.0, ""trail_atr"": 5.0}",9,3.732420216446672,0.013764933841879726,0.8198070352984781,False,-inf
taker,ema_trend,3d,"{""exit_rule"": ""price"", ""pair"": [20, 50], ""stop_atr"": 3.0}",29,4.413987965291562,0.008810640371599739,1.2367283086478862,True,1.2862970583279068
taker,ema_trend,3d,"{""exit_rule"": ""price"", ""pair"": [20, 50], ""stop_atr"": 2.0}",29,4.386077301185307,0.013299461528929567,1.2456144234695943,True,1.1967359421622956
taker,ema_trend,3d,"{""exit_rule"": ""cross"", ""pair"": [20, 50], ""stop_atr"": 2.0}",11,5.200973134255174,0.02202092254834344,1.4616313417975801,False,-inf
taker,ema_trend,3d,"{""exit_rule"": ""cross"", ""pair"": [20, 50], ""stop_atr"": 3.0}",8,10.881189071109409,0.024993581910137223,1.8482503579278142,False,-inf
taker,ema_trend,3d,"{""exit_rule"": ""cross"", ""pair"": [50, 200], ""stop_atr"": 2.0}",4,2.1086576567881323,0.010140906577391607,0.47094827678712115,False,-inf
taker,ema_trend,3d,"{""exit_rule"": ""price"", ""pair"": [50, 200], ""stop_atr"": 2.0}",9,5.930197076750469,0.01879833300049873,0.842969694734122,False,-inf
taker,ema_trend,3d,"{""exit_rule"": ""cross"", ""pair"": [50, 200], ""stop_atr"": 3.0}",3,2.203050401448748,0.009295056436624429,0.4586632823107493,False,-inf
taker,ema_trend,3d,"{""exit_rule"": ""price"", ""pair"": [50, 200], ""stop_atr"": 3.0}",9,5.254182207574136,0.012165460241073225,0.8145951432663328,False,-inf
taker,breakout,3d,"{""n"": 10, ""stop_atr"": 3.0, ""trend_filter"": ""none""}",21,6.813111684486848,0.01453134389756904,1.499633475061262,True,1.3915362430516125
taker,breakout,3d,"{""n"": 10, ""stop_atr"": 2.0, ""trend_filter"": ""none""}",21,6.874146207659284,0.022024483293135364,1.5181553673332353,True,1.336378493034682
taker,breakout,3d,"{""n"": 10, ""stop_atr"": 2.0, ""trend_filter"": ""sma200""}",11,6.822902974469444,0.02697791505987571,1.0045800819583997,False,-inf
taker,breakout,3d,"{""n"": 10, ""stop_atr"": 3.0, ""trend_filter"": ""sma200""}",9,21.210772130832837,0.024860710676718467,1.159593484123282,False,-inf
taker,breakout,3d,"{""n"": 20, ""stop_atr"": 2.0, ""trend_filter"": ""none""}",14,6.373626850077359,0.020738051609944238,1.3231450477858309,False,-inf
taker,breakout,3d,"{""n"": 20, ""stop_atr"": 2.0, ""trend_filter"": ""sma200""}",10,3.222284749660383,0.016485998700133758,0.7495018904507891,False,-inf
taker,breakout,3d,"{""n"": 20, ""stop_atr"": 3.0, ""trend_filter"": ""none""}",13,8.124608343741372,0.015500294092740062,1.3887626456886706,False,-inf
taker,breakout,3d,"{""n"": 20, ""stop_atr"": 3.0, ""trend_filter"": ""sma200""}",7,10.835732202202026,0.021009220142630076,1.0363037061283853,False,-inf
taker,breakout,3d,"{""n"": 30, ""stop_atr"": 2.0, ""trend_filter"": ""none""}",9,6.776293476659543,0.03930662554239317,1.3615273796544933,False,-inf
taker,breakout,3d,"{""n"": 30, ""stop_atr"": 2.0, ""trend_filter"": ""sma200""}",7,3.4231355002224,0.02655735916837468,0.703250460383886,False,-inf
taker,breakout,3d,"{""n"": 30, ""stop_atr"": 3.0, ""trend_filter"": ""none""}",8,11.983607221340026,0.031005735776902067,1.4648048312109723,False,-inf
taker,breakout,3d,"{""n"": 30, ""stop_atr"": 3.0, ""trend_filter"": ""sma200""}",4,15.873520555266131,0.0403451835617783,0.9404408368066789,False,-inf
taker,breakout,3d,"{""n"": 50, ""stop_atr"": 2.0, ""trend_filter"": ""none""}",6,12.531218793399484,0.055756640687332965,1.3681370109945903,False,-inf
taker,breakout,3d,"{""n"": 50, ""stop_atr"": 2.0, ""trend_filter"": ""sma200""}",5,5.2019614182808676,0.04161539546038723,0.7869630083205145,False,-inf
taker,breakout,3d,"{""n"": 50, ""stop_atr"": 3.0, ""trend_filter"": ""none""}",6,9.372285568979196,0.03607080851377754,1.3098503019396808,False,-inf
taker,breakout,3d,"{""n"": 50, ""stop_atr"": 3.0, ""trend_filter"": ""sma200""}",3,13.729089521129893,0.053775160450889425,0.9330419609525568,False,-inf
taker,pullback,3d,"{""pb_ema"": 20, ""stop_atr"": 2.0, ""trail_atr"": 3.0}",5,13.821063496392384,0.02756551874036729,1.0420510029369194,False,-inf
taker,pullback,3d,"{""pb_ema"": 20, ""stop_atr"": 2.0, ""trail_atr"": 5.0}",3,10.1269204639428,0.060053578742777815,0.8694424852870466,False,-inf
taker,pullback,3d,"{""pb_ema"": 20, ""stop_atr"": 3.0, ""trail_atr"": 3.0}",5,9.922205429024277,0.017819602749065987,0.9985727351278868,False,-inf
taker,pullback,3d,"{""pb_ema"": 20, ""stop_atr"": 3.0, ""trail_atr"": 5.0}",3,8.225661710171975,0.0389354338840741,0.8351398996611484,False,-inf
taker,pullback,3d,"{""pb_ema"": 50, ""stop_atr"": 2.0, ""trail_atr"": 3.0}",3,15.47255606063686,0.04250821553573539,0.9407343481833361,False,-inf
taker,pullback,3d,"{""pb_ema"": 50, ""stop_atr"": 2.0, ""trail_atr"": 5.0}",3,8.262756242612769,0.04839345430889303,0.8393713590642513,False,-inf
taker,pullback,3d,"{""pb_ema"": 50, ""stop_atr"": 3.0, ""trail_atr"": 3.0}",3,15.499629211600343,0.028338810357156925,0.940734348183336,False,-inf
taker,pullback,3d,"{""pb_ema"": 50, ""stop_atr"": 3.0, ""trail_atr"": 5.0}",3,6.70396088785683,0.031162017594817574,0.798678341994868,False,-inf
taker,regime_trend,3d,"{""sma_n"": 100, ""stop_atr"": 5.0, ""vol_pct"": 100}",17,3.3517402600502835,0.003280194317144628,0.9764345497403171,True,0.9394775573610016
taker,regime_trend,3d,"{""sma_n"": 100, ""stop_atr"": 3.0, ""vol_pct"": 100}",18,3.0901952250318923,0.005017382435614821,0.9464461028098256,True,0.9366842295042356
taker,regime_trend,3d,"{""sma_n"": 100, ""stop_atr"": 3.0, ""vol_pct"": 50}",12,3.075771536714321,0.00711481471116571,0.9515929940317881,False,-inf
taker,regime_trend,3d,"{""sma_n"": 100, ""stop_atr"": 5.0, ""vol_pct"": 50}",12,3.1867236378710655,0.004302028208999176,0.9605240263175387,False,-inf
taker,regime_trend,3d,"{""sma_n"": 100, ""stop_atr"": 3.0, ""vol_pct"": 80}",13,3.7150119740797036,0.007468965826403119,1.0232482946246568,False,-inf
taker,regime_trend,3d,"{""sma_n"": 100, ""stop_atr"": 5.0, ""vol_pct"": 80}",13,3.8619548800869348,0.0045119696948877925,1.031734139778854,False,-inf
taker,regime_trend,3d,"{""sma_n"": 200, ""stop_atr"": 3.0, ""vol_pct"": 50}",7,3.5386082378098016,0.01318996126479825,0.8070029857863816,False,-inf
taker,regime_trend,3d,"{""sma_n"": 200, ""stop_atr"": 5.0, ""vol_pct"": 50}",7,3.5853737004772532,0.007903604298135084,0.8057389025092092,False,-inf
taker,regime_trend,3d,"{""sma_n"": 200, ""stop_atr"": 3.0, ""vol_pct"": 80}",7,3.8770745720577495,0.015017558744433916,0.8283905988231323,False,-inf
taker,regime_trend,3d,"{""sma_n"": 200, ""stop_atr"": 5.0, ""vol_pct"": 80}",7,3.9819419646770404,0.009034581656828957,0.8310302473798737,False,-inf
taker,regime_trend,3d,"{""sma_n"": 200, ""stop_atr"": 3.0, ""vol_pct"": 100}",9,3.470247343214178,0.010752586972968709,0.8006079708421431,False,-inf
taker,regime_trend,3d,"{""sma_n"": 200, ""stop_atr"": 5.0, ""vol_pct"": 100}",9,3.5552869206923883,0.006470254947245698,0.8032954371150098,False,-inf
taker,hybrid,3d,"{""n"": 20, ""stop_atr"": 2.0, ""trail_atr"": 3.0}",10,3.305780703667013,0.012257049649212377,0.8883224909894833,False,-inf
taker,hybrid,3d,"{""n"": 20, ""stop_atr"": 2.0, ""trail_atr"": 5.0}",7,3.163631759925726,0.017511506327396016,0.6887990154729197,False,-inf
taker,hybrid,3d,"{""n"": 20, ""stop_atr"": 3.0, ""trail_atr"": 3.0}",10,2.906091101549051,0.007674054283765909,0.8253743071713108,False,-inf
taker,hybrid,3d,"{""n"": 20, ""stop_atr"": 3.0, ""trail_atr"": 5.0}",6,2.930629386447843,0.013097502604026437,0.6515906662675522,False,-inf
taker,hybrid,3d,"{""n"": 30, ""stop_atr"": 2.0, ""trail_atr"": 3.0}",10,3.305780703667013,0.012257049649212377,0.8883224909894833,False,-inf
taker,hybrid,3d,"{""n"": 30, ""stop_atr"": 2.0, ""trail_atr"": 5.0}",7,3.163631759925726,0.017511506327396016,0.6887990154729197,False,-inf
taker,hybrid,3d,"{""n"": 30, ""stop_atr"": 3.0, ""trail_atr"": 3.0}",10,2.906091101549051,0.007674054283765909,0.8253743071713108,False,-inf
taker,hybrid,3d,"{""n"": 30, ""stop_atr"": 3.0, ""trail_atr"": 5.0}",6,2.930629386447843,0.013097502604026437,0.6515906662675522,False,-inf
maker,ema_trend,3d,"{""exit_rule"": ""price"", ""pair"": [20, 50], ""stop_atr"": 3.0}",28,4.26008229610976,0.007790794944995059,1.0702784328889652,True,1.199949131979594
maker,ema_trend,3d,"{""exit_rule"": ""price"", ""pair"": [20, 50], ""stop_atr"": 2.0}",28,3.5359897197493053,0.011179479115064126,1.0209234370499334,True,1.110886218399107
maker,ema_trend,3d,"{""exit_rule"": ""cross"", ""pair"": [20, 50], ""stop_atr"": 2.0}",11,5.471092525459022,0.02253824438809939,1.4887285138879571,False,-inf
maker,ema_trend,3d,"{""exit_rule"": ""cross"", ""pair"": [20, 50], ""stop_atr"": 3.0}",8,11.483480552565055,0.025431694101013966,1.8733176681198411,False,-inf
maker,ema_trend,3d,"{""exit_rule"": ""cross"", ""pair"": [50, 200], ""stop_atr"": 2.0}",4,2.194554720888502,0.010579615920513895,0.4889303811307393,False,-inf
maker,ema_trend,3d,"{""exit_rule"": ""price"", ""pair"": [50, 200], ""stop_atr"": 2.0}",9,6.5689090160647075,0.019343098302236145,0.8636144897695727,False,-inf
maker,ema_trend,3d,"{""exit_rule"": ""cross"", ""pair"": [50, 200], ""stop_atr"": 3.0}",3,2.274716119411594,0.009622212326687658,0.47275223814777045,False,-inf
maker,ema_trend,3d,"{""exit_rule"": ""price"", ""pair"": [50, 200], ""stop_atr"": 3.0}",9,5.739959000604398,0.012528637108898172,0.8352769898596362,False,-inf
maker,breakout,3d,"{""n"": 10, ""stop_atr"": 3.0, ""trend_filter"": ""none""}",21,6.814843996282296,0.014747969597413698,1.511166391287215,True,1.4102249043631225
maker,breakout,3d,"{""n"": 10, ""stop_atr"": 2.0, ""trend_filter"": ""none""}",21,7.075220429766296,0.02244128139774155,1.5372480401723616,True,1.350712214624395
maker,breakout,3d,"{""n"": 10, ""stop_atr"": 2.0, ""trend_filter"": ""sma200""}",11,7.193161718091614,0.02754031434499901,1.0201248176956514,False,-inf
maker,breakout,3d,"{""n"": 10, ""stop_atr"": 3.0, ""trend_filter"": ""sma200""}",9,22.80980941906573,0.02530161398907074,1.1741840853431766,False,-inf
maker,breakout,3d,"{""n"": 20, ""stop_atr"": 2.0, ""trend_filter"": ""none""}",14,6.417303034030193,0.02109385147840363,1.334309609342352,False,-inf
maker,breakout,3d,"{""n"": 20, ""stop_atr"": 2.0, ""trend_filter"": ""sma200""}",10,3.2198953500279224,0.016662294666525107,0.7511958399328829,False,-inf
maker,breakout,3d,"{""n"": 20, ""stop_atr"": 3.0, ""trend_filter"": ""none""}",13,8.767193994345913,0.015926337386225113,1.4183011006497372,False,-inf
maker,breakout,3d,"{""n"": 20, ""stop_atr"": 3.0, ""trend_filter"": ""sma200""}",7,11.559633811971294,0.021471639981567196,1.0529397411043393,False,-inf
maker,breakout,3d,"{""n"": 30, ""stop_atr"": 2.0, ""trend_filter"": ""none""}",9,7.097238284171018,0.039954779925172615,1.37586907673583,False,-inf
maker,breakout,3d,"{""n"": 30, ""stop_atr"": 2.0, ""trend_filter"": ""sma200""}",7,3.539597224978273,0.027078263658825995,0.7127207306555836,False,-inf
maker,breakout,3d,"{""n"": 30, ""stop_atr"": 3.0, ""trend_filter"": ""none""}",8,12.695957520542084,0.031445428420943375,1.476361533015897,False,-inf
maker,breakout,3d,"{""n"": 30, ""stop_atr"": 3.0, ""trend_filter"": ""sma200""}",4,15.96781942682457,0.040757288436657574,0.9435316998335657,False,-inf
maker,breakout,3d,"{""n"": 50, ""stop_atr"": 2.0, ""trend_filter"": ""none""}",6,13.019023153601733,0.05648503180560228,1.3777798766467722,False,-inf
maker,breakout,3d,"{""n"": 50, ""stop_atr"": 2.0, ""trend_filter"": ""sma200""}",5,5.386194625063686,0.042238537046060856,0.7939708779530541,False,-inf
maker,breakout,3d,"{""n"": 50, ""stop_atr"": 3.0, ""trend_filter"": ""none""}",6,9.654044947511625,0.03655640259262374,1.3197095068938711,False,-inf
maker,breakout,3d,"{""n"": 50, ""stop_atr"": 3.0, ""trend_filter"": ""sma200""}",3,14.093519638074456,0.05441549611950441,0.9389902476030717,False,-inf
maker,pullback,3d,"{""pb_ema"": 20, ""stop_atr"": 2.0, ""trail_atr"": 3.0}",5,14.186557890240724,0.02780341805284688,1.050527845464048,False,-inf
maker,pullback,3d,"{""pb_ema"": 20, ""stop_atr"": 2.0, ""trail_atr"": 5.0}",3,10.391456170564616,0.06029327996212267,0.8725560904782695,False,-inf
maker,pullback,3d,"{""pb_ema"": 20, ""stop_atr"": 3.0, ""trail_atr"": 3.0}",5,10.107538356615796,0.017974133263082153,1.006648297143214,False,-inf
maker,pullback,3d,"{""pb_ema"": 20, ""stop_atr"": 3.0, ""trail_atr"": 5.0}",3,8.396698906799836,0.03909523469697066,0.8382275261283292,False,-inf
maker,pullback,3d,"{""pb_ema"": 50, ""stop_atr"": 2.0, ""trail_atr"": 3.0}",3,16.094846202691556,0.04277986095507696,0.9466073046390074,False,-inf
maker,pullback,3d,"{""pb_ema"": 50, ""stop_atr"": 2.0, ""trail_atr"": 5.0}",3,8.523461307258305,0.04866648523237207,0.8440003642884921,False,-inf
maker,pullback,3d,"{""pb_ema"": 50, ""stop_atr"": 3.0, ""trail_atr"": 3.0}",3,16.120227771309665,0.028519907303384634,0.9466073046390074,False,-inf
maker,pullback,3d,"{""pb_ema"": 50, ""stop_atr"": 3.0, ""trail_atr"": 5.0}",3,6.8735076863272395,0.031344038210470264,0.8032515700603238,False,-inf
maker,regime_trend,3d,"{""sma_n"": 100, ""stop_atr"": 5.0, ""vol_pct"": 100}",17,3.8122429629378622,0.0034966346567942125,1.0374227084957777,True,0.9877843300571061
maker,regime_trend,3d,"{""sma_n"": 100, ""stop_atr"": 3.0, ""vol_pct"": 100}",18,3.476886389548964,0.0053528761677017235,1.0058286793019215,True,0.9840082046973211
maker,regime_trend,3d,"{""sma_n"": 100, ""stop_atr"": 3.0, ""vol_pct"": 50}",12,3.404956185307362,0.007526928205479024,1.003603927414922,False,-inf
maker,regime_trend,3d,"{""sma_n"": 100, ""stop_atr"": 5.0, ""vol_pct"": 50}",12,3.559750521470922,0.004560237632848444,1.0155642835852683,False,-inf
maker,regime_trend,3d,"{""sma_n"": 100, ""stop_atr"": 3.0, ""vol_pct"": 80}",13,4.175147186902418,0.007869155864767604,1.074717142948661,False,-inf
maker,regime_trend,3d,"{""sma_n"": 100, ""stop_atr"": 5.0, ""vol_pct"": 80}",13,4.387119269873722,0.004762183404609206,1.0860727127236225,False,-inf
maker,regime_trend,3d,"{""sma_n"": 200, ""stop_atr"": 3.0, ""vol_pct"": 50}",7,3.803703189516006,0.013639542185159819,0.8318659400704759,False,-inf
maker,regime_trend,3d,"{""sma_n"": 200, ""stop_atr"": 5.0, ""vol_pct"": 50}",7,3.8639423206179773,0.008182780187370115,0.8317503609649737,False,-inf
maker,regime_trend,3d,"{""sma_n"": 200, ""stop_atr"": 3.0, ""vol_pct"": 80}",7,4.164162184073797,0.015464055720686746,0.8506740446423863,False,-inf
maker,regime_trend,3d,"{""sma_n"": 200, ""stop_atr"": 5.0, ""vol_pct"": 80}",7,4.291044343155606,0.009312001878753282,0.8543704107228848,False,-inf
maker,regime_trend,3d,"{""sma_n"": 200, ""stop_atr"": 3.0, ""vol_pct"": 100}",9,3.6505520457446505,0.011030695814097144,0.8180642880429236,False,-inf
maker,regime_trend,3d,"{""sma_n"": 200, ""stop_atr"": 5.0, ""vol_pct"": 100}",9,3.7497468542399304,0.006644526280057025,0.8218132197071029,False,-inf
maker,hybrid,3d,"{""n"": 20, ""stop_atr"": 2.0, ""trail_atr"": 3.0}",10,3.408183809757645,0.012485621434360054,0.9045802436001743,False,-inf
maker,hybrid,3d,"{""n"": 20, ""stop_atr"": 2.0, ""trail_atr"": 5.0}",7,3.247631016460645,0.01773922652839716,0.6979479358169846,False,-inf
maker,hybrid,3d,"{""n"": 20, ""stop_atr"": 3.0, ""trail_atr"": 3.0}",10,2.986135490979274,0.007826435473864359,0.8414820244575573,False,-inf
maker,hybrid,3d,"{""n"": 20, ""stop_atr"": 3.0, ""trail_atr"": 5.0}",6,2.9866526131659796,0.013243109791215351,0.658984307021315,False,-inf
maker,hybrid,3d,"{""n"": 30, ""stop_atr"": 2.0, ""trail_atr"": 3.0}",10,3.408183809757645,0.012485621434360054,0.9045802436001743,False,-inf
maker,hybrid,3d,"{""n"": 30, ""stop_atr"": 2.0, ""trail_atr"": 5.0}",7,3.247631016460645,0.01773922652839716,0.6979479358169846,False,-inf
maker,hybrid,3d,"{""n"": 30, ""stop_atr"": 3.0, ""trail_atr"": 3.0}",10,2.986135490979274,0.007826435473864359,0.8414820244575573,False,-inf
maker,hybrid,3d,"{""n"": 30, ""stop_atr"": 3.0, ""trail_atr"": 5.0}",6,2.9866526131659796,0.013243109791215351,0.658984307021315,False,-inf
